--
-- PostgreSQL database dump
--

SET statement_timeout = 0;
SET lock_timeout = 0;
SET client_encoding = 'UTF8';
SET standard_conforming_strings = on;
SELECT pg_catalog.set_config('search_path', '', false);
SET check_function_bodies = false;
SET client_min_messages = warning;

SET default_tablespace = '';

SET default_with_oids = false;


CREATE FUNCTION public."updateLastUpdate"() RETURNS trigger
    LANGUAGE plpgsql IMMUTABLE
    AS $$
BEGIN
  /* New function body */
  NEW.last_update := current_timestamp;
  RETURN NEW;
END;$$;


ALTER FUNCTION public."updateLastUpdate"() OWNER TO weboll;


CREATE TABLE public.modello (
    id_modello character varying(2) NOT NULL,
    descrizione character varying(100) NOT NULL,
    last_update timestamp without time zone NOT NULL
);


ALTER TABLE public.modello OWNER TO weboll;

--
-- Name: TABLE modello; Type: COMMENT; Schema: public; Owner: weboll
--

COMMENT ON TABLE public.modello IS 'Tavola con la codifica dei codici dei modelli idrologici operativi utilizzati';


--
-- Data for Name: modello; Type: TABLE DATA; Schema: public; Owner: weboll
--

COPY public.modello (id_modello, descrizione, last_update) FROM stdin;
FS	modello fest soglie	2016-06-07 16:29:45.895383
M1	modello mike da fews	2012-06-12 15:24:02.620925
SO	modello sobek da fews	2012-06-12 15:24:21.052396
HE	modello hec-ras da fews	2012-06-12 15:24:42.98761
FB	modello fest ewb	2014-10-09 15:51:43.833134
MC	modello Mike Customized 2016	2016-05-10 09:35:32.113487
MK	modello Mike Customized 2020	2020-09-29 12:00:04.139144
MY	modello Mike Hydro magre 2020	2020-10-23 09:29:48.639596
MH	modello Mike Hydro magre 2016	2020-10-23 09:30:07.231674
MX	modello Mike Customized 2023	2023-03-09 12:16:43.989496
\.


--
-- Name: modello_pkey; Type: CONSTRAINT; Schema: public; Owner: weboll; Tablespace:
--

ALTER TABLE ONLY public.modello
    ADD CONSTRAINT modello_pkey PRIMARY KEY (id_modello);


--
-- Name: modello_tr; Type: TRIGGER; Schema: public; Owner: weboll
--

CREATE TRIGGER modello_tr BEFORE INSERT OR UPDATE ON public.modello FOR EACH ROW EXECUTE PROCEDURE public."updateLastUpdate"();

CREATE TABLE public.nwp_model (
    id_nwp_model character varying(6) NOT NULL,
    descrizione character varying(100) NOT NULL,
    last_update timestamp without time zone NOT NULL
);


ALTER TABLE public.nwp_model OWNER TO weboll;

--
-- Name: TABLE nwp_model; Type: COMMENT; Schema: public; Owner: weboll
--

COMMENT ON TABLE public.nwp_model IS 'Tavola con codici del tipo di previsioni utilizzate per i modelli idrologici';


--
-- Data for Name: nwp_model; Type: TABLE DATA; Schema: public; Owner: weboll
--

COPY public.nwp_model (id_nwp_model, descrizione, last_update) FROM stdin;
psa	previsuaree	2009-03-12 10:26:32.39031
lami	previ_lami	2012-06-13 11:42:27.579346
radar	pioggia_da_radar	2016-06-07 16:30:29.263557
psa10g	previsuaree_10giorni	2016-08-26 14:31:27.110614
\.


--
-- Name: nwp_model_pkey; Type: CONSTRAINT; Schema: public; Owner: weboll; Tablespace:
--

ALTER TABLE ONLY public.nwp_model
    ADD CONSTRAINT nwp_model_pkey PRIMARY KEY (id_nwp_model);


--
-- Name: nwp_model_tr; Type: TRIGGER; Schema: public; Owner: weboll
--

CREATE TRIGGER nwp_model_tr BEFORE INSERT OR UPDATE ON public.nwp_model FOR EACH ROW EXECUTE PROCEDURE public."updateLastUpdate"();

CREATE TABLE public.tipo (
    id_tipo character varying(1) NOT NULL,
    descrizione character varying(100) NOT NULL,
    last_update timestamp without time zone
);


ALTER TABLE public.tipo OWNER TO weboll;

--
-- Name: TABLE tipo; Type: COMMENT; Schema: public; Owner: weboll
--

COMMENT ON TABLE public.tipo IS 'Tavola con i codici delle tipologie di aggregazione per i dati archiviati';


--
-- Data for Name: tipo; Type: TABLE DATA; Schema: public; Owner: weboll
--

COPY public.tipo (id_tipo, descrizione, last_update) FROM stdin;
P	puntuale	2009-02-03 14:49:57.393914
R	ragguaglio areale	2009-02-03 14:51:03.242838
\.


--
-- Name: tipo_pkey; Type: CONSTRAINT; Schema: public; Owner: weboll; Tablespace:
--

ALTER TABLE ONLY public.tipo
    ADD CONSTRAINT tipo_pkey PRIMARY KEY (id_tipo);


--
-- Name: tipo_last_update; Type: TRIGGER; Schema: public; Owner: weboll
--

CREATE TRIGGER tipo_last_update BEFORE INSERT OR UPDATE ON public.tipo FOR EACH ROW EXECUTE PROCEDURE public."updateLastUpdate"();

CREATE TABLE public.parametro_idro (
    id_parametro character varying(8) NOT NULL,
    denominazione character varying(160) NOT NULL,
    unita_di_misura character varying(8),
    last_update timestamp without time zone
);


ALTER TABLE public.parametro_idro OWNER TO weboll;

--
-- Name: TABLE parametro; Type: COMMENT; Schema: public; Owner: weboll
--

COMMENT ON TABLE public.parametro_idro IS 'Tavola con la codifica dei parametri utilizzati per l''archiviazione dei dati sul DB';


--
-- Data for Name: parametro; Type: TABLE DATA; Schema: public; Owner: weboll
--

COPY public.parametro_idro (id_parametro, denominazione, unita_di_misura, last_update) FROM stdin;
PLUV	afflusso_meteorico	m/s	\N
PLUV_CUM	afflusso_meteorico_cum	mm	\N
SWE	snow_water_equivalent	mc	\N
PORTATA	portata	mc/s	\N
IDRO	livello	m	\N
SM	soil_moisture	%	\N
H_MIN	livello minimo	m	2013-02-12 11:15:36.19051
VOL	volume invaso	mc	2013-10-23 14:42:15.480463
H_MED	livello medio	m	2013-02-12 11:16:10.354707
Q_MIN	portata minima	mc/s	2013-02-12 11:16:32.955119
Q_MAX	portata massima	mc/s	2013-02-12 11:16:46.010565
Q_MED	portata media	mc/s	2013-02-12 11:17:07.70583
H_MAX	livello massimo	m	2013-02-12 11:18:45.423698
SRI	standard runoff index	-	2016-03-09 10:44:08.407442
\.


--
-- Name: parametro_pkey; Type: CONSTRAINT; Schema: public; Owner: weboll; Tablespace:
--

ALTER TABLE ONLY public.parametro_idro
    ADD CONSTRAINT parametro_idro_pkey PRIMARY KEY (id_parametro);


--
-- Name: parametro_tr; Type: TRIGGER; Schema: public; Owner: weboll
--

CREATE TRIGGER parametro_tr BEFORE INSERT OR UPDATE ON public.parametro_idro FOR EACH ROW EXECUTE PROCEDURE public."updateLastUpdate"();


CREATE TABLE public.sensori (
    codice character varying(9) NOT NULL,
    id_parametro character varying(8) NOT NULL,
    id_tipo character varying(1) NOT NULL,
    denominazione character varying(100),
    last_update timestamp(0) without time zone,
    corso_acqua character varying(50),
    localita character varying(50),
    area integer
);


ALTER TABLE public.sensori OWNER TO weboll;

--
-- Name: TABLE sensori; Type: COMMENT; Schema: public; Owner: weboll
--

COMMENT ON TABLE public.sensori IS 'Tavola con i codici dei sensori archiviati sul DB';


--
-- Data for Name: sensori; Type: TABLE DATA; Schema: public; Owner: weboll
--

COPY public.sensori (codice, id_parametro, id_tipo, denominazione, last_update, corso_acqua, localita, area) FROM stdin;
006012700	PLUV	R	ORBA A BASALUZZO	2016-08-30 10:12:27	\N	\N	\N
001034700	PLUV	R	MALONE A BRANDIZZO	2016-08-30 10:13:08	\N	\N	\N
002016901	H_MIN	P	SESIA BORGOSESIA ISOLELLA	2016-02-25 10:47:23	Sesia	Borgosesia	\N
002016901	H_MED	P	SESIA BORGOSESIA ISOLELLA	2016-02-25 10:48:15	Sesia	Borgosesia	\N
002016901	H_MAX	P	SESIA BORGOSESIA ISOLELLA	2016-02-25 10:48:15	Sesia	Borgosesia	\N
002016901	Q_MIN	P	SESIA BORGOSESIA ISOLELLA	2016-02-25 10:48:15	Sesia	Borgosesia	\N
002016901	Q_MAX	P	SESIA BORGOSESIA ISOLELLA	2016-02-25 10:48:15	Sesia	Borgosesia	\N
004035700	PLUV	R	BORMIDA A CAMERANA	2016-08-30 10:13:55	\N	\N	\N
003096900	PLUV	R	TOCE A CANDOGLIA	2016-08-30 10:14:25	\N	\N	\N
002032700	PLUV	R	ELVO A CARISIO	2016-08-30 10:14:52	\N	\N	\N
004043700	PLUV	R	CARRU PESIO	2016-08-30 10:15:21	\N	\N	\N
006036900	PLUV	R	ERRO A CARTOSIO	2016-08-30 10:15:49	\N	\N	\N
005029900	PLUV	R	BELBO A CASTELNUOVO	2016-08-30 10:16:24	\N	\N	\N
002046900	PLUV	R	STRONA A COSSATO	2016-08-30 10:17:52	\N	\N	\N
004086900	PLUV	R	TANARO A FARIGLIANO	2016-08-30 10:18:32	\N	\N	\N
004089900	PLUV	R	STURA DEMONTE A FOSSANO	2016-08-30 10:19:05	\N	\N	\N
001109900	PLUV	R	MALONE A FRONT	2016-08-30 10:19:33	\N	\N	\N
001113900	PLUV	R	STURA DI VIU A GERMAGNANO	2016-08-30 10:20:06	\N	\N	\N
006086700	PLUV	R	SCRIVIA A GUAZZORA	2016-08-30 10:20:42	\N	\N	\N
001127700	PLUV	R	CHISOLA A LA LOGGIA	2016-08-30 10:21:03	\N	\N	\N
001128901	PLUV	R	STURA DI LANZO A LANZO	2016-08-30 10:21:32	\N	\N	\N
005064700	PLUV	R	BORMIDA A MOMBALDONE	2016-08-30 10:22:17	\N	\N	\N
003100900	PLUV	R	AGOGNA A MOMO	2016-08-30 10:22:43	\N	\N	\N
004130700	PLUV	R	ELLERO A MONDOVI	2016-08-30 10:23:00	\N	\N	\N
001179900	PLUV	R	CHIUSELLA A PARELLA	2016-08-30 10:23:23	\N	\N	\N
002124900	PLUV	R	CERVO A PASSOBREVE	2016-08-30 10:23:48	\N	\N	\N
004108900	PLUV	R	TANARO A PIANTORRE	2016-08-30 10:24:11	\N	\N	\N
001199700	PLUV	R	SOANA A PONT	2016-08-30 10:25:05	\N	\N	\N
002105900	PLUV	R	SESSERA A PRAY	2016-08-30 10:25:44	\N	\N	\N
005097900	PLUV	R	BORBORE A SAN DAMIANO	2016-08-30 10:26:18	\N	\N	\N
001191901	PLUV	R	CHISONE A SAN MARTINO	2016-08-30 10:26:54	\N	\N	\N
001257900	PLUV	R	BANNA A SANTENA	2016-08-30 10:27:30	\N	\N	\N
006160900	PLUV	R	SCRIVIA A SERRAVALLE	2016-08-30 10:27:57	\N	\N	\N
001270904	PLUV	R	DORA RIPARIA A SUSA	2016-08-30 10:28:31	\N	\N	\N
001276900	PLUV	R	SANGONE A TRANA	2016-08-30 10:29:36	\N	\N	\N
002160900	PLUV	R	CERVO A VIGLIANO	2016-08-30 10:30:03	\N	\N	\N
000000001	SM	R	A	2016-09-21 16:55:58	\N	\N	\N
000000002	SM	R	B	2016-09-21 16:55:58	\N	\N	\N
000000003	SM	R	C	2016-09-21 16:55:58	\N	\N	\N
000000004	SM	R	D	2016-09-21 16:55:58	\N	\N	\N
000000005	SM	R	E	2016-09-21 16:55:58	\N	\N	\N
000000006	SM	R	F	2016-09-21 16:55:58	\N	\N	\N
000000007	SM	R	G	2016-09-21 16:55:58	\N	\N	\N
001058900	H_MIN	P	PO CARIGNANO	2016-09-09 15:09:35	\N	\N	\N
001058900	H_MAX	P	PO CARIGNANO	2016-09-09 15:09:35	\N	\N	\N
001058900	H_MED	P	PO CARIGNANO	2016-09-09 15:09:35	\N	\N	\N
001058900	Q_MIN	P	PO CARIGNANO	2016-09-09 15:09:35	\N	\N	\N
001058900	Q_MAX	P	PO CARIGNANO	2016-09-09 15:09:35	\N	\N	\N
000000008	SM	R	H	2016-09-21 16:55:58	\N	\N	\N
000000009	SM	R	I	2016-09-21 16:55:58	\N	\N	\N
000000010	SM	R	L	2016-09-21 16:55:58	\N	\N	\N
001034700	SRI	P	MALONE BRANDIZZO	2016-05-18 10:33:57	\N	\N	\N
001058900	SRI	P	PO CARIGNANO	2016-05-18 10:33:57	\N	\N	\N
001068700	SRI	P	PO CASTIGLIONE TORINESE	2016-05-18 10:33:57	\N	\N	\N
001109900	SRI	P	MALONE FRONT	2016-05-18 10:33:57	\N	\N	\N
001128901	SRI	P	STURA DI LANZO LANZO	2016-05-18 10:33:57	\N	\N	\N
001175901	SRI	P	DORA RIPARIA OULX	2016-05-18 10:33:57	\N	\N	\N
001179900	SRI	P	CHIUSELLA PARELLA	2016-05-18 10:33:57	\N	\N	\N
001191901	SRI	P	CHISONE SAN MARTINO	2016-05-18 10:33:57	\N	\N	\N
001199700	SRI	P	SOANA PONT	2016-05-18 10:33:57	\N	\N	\N
001236700	SRI	P	ORCO SAN BENIGNO CANAVESE	2016-05-18 10:33:57	\N	\N	\N
001253700	SRI	P	PO SAN SEBASTIANO DA PO	2016-05-18 10:33:57	\N	\N	\N
001257900	SRI	P	BANNA SANTENA	2016-05-18 10:33:57	\N	\N	\N
001270903	SRI	P	CENISCHIA SUSA	2016-05-18 10:33:57	\N	\N	\N
001271900	SRI	P	DORA BALTEA TAVAGNASCO	2016-05-18 10:33:57	\N	\N	\N
001272701	SRI	P	DORA RIPARIA TORINO	2016-05-18 10:33:57	\N	\N	\N
001272702	SRI	P	STURA DI LANZO TORINO	2016-05-18 10:33:57	\N	\N	\N
001272703	SRI	P	PO TORINO MURAZZI PONTE REGINA	2016-05-18 10:33:57	\N	\N	\N
001276900	SRI	P	SANGONE TRANA	2016-05-18 10:33:57	\N	\N	\N
001300700	SRI	P	PELLICE VILLAFRANCA	2016-05-18 10:33:57	\N	\N	\N
002025900	SRI	P	SESIA CAMPERTOGNO	2016-05-18 10:33:57	\N	\N	\N
002105900	SRI	P	SESSERA PRALY	2016-05-18 10:33:57	\N	\N	\N
002108700	SRI	P	CERVO QUINTO VERCELLESE	2016-05-18 10:33:57	\N	\N	\N
001058900	Q_MED	P	PO CARIGNANO (TO)	2021-10-06 14:16:20	\N	\N	\N
001127700	Q_MED	P	CHISOLA LA LOGGIA (TO)	2021-10-06 14:16:20	Chisola	La Loggia	\N
002156700	SRI	P	MASTALLONE VARALLO	2016-05-18 10:33:57	\N	\N	\N
003096900	SRI	P	TOCE CANDOGLIA	2016-05-18 10:33:57	\N	\N	\N
003106700	SRI	P	AGOGNA NOVARA	2016-05-18 10:33:57	\N	\N	\N
003132900	SRI	P	SAN BERNARDINO SANTINO	2016-05-18 10:33:57	\N	\N	\N
004003900	SRI	P	TANARO ALBA	2016-05-18 10:33:57	\N	\N	\N
004035700	SRI	P	BORMIDA DI MILLESIMO CAMERANA	2016-05-18 10:33:57	\N	\N	\N
000000011	SM	R	M	2016-09-21 16:55:58	\N	\N	\N
000000012	SM	R	T	2016-09-21 16:55:58	\N	\N	\N
000000013	SM	R	V	2016-09-21 16:55:58	\N	\N	\N
000000201	SM	R	PO CONFLUENZA DORA RIPARIA	2016-09-21 16:55:58	\N	\N	\N
000000202	SM	R	PO CONFLUENZA DORA BALTEA	2016-09-21 16:55:58	\N	\N	\N
000000203	SM	R	PO CONFLUENZA TANARO	2016-09-21 16:55:58	\N	\N	\N
000000204	SM	R	RESIDUO TANARO	2016-09-21 16:55:58	\N	\N	\N
000000205	SM	R	SCRIVIA CURONE	2016-09-21 16:55:58	\N	\N	\N
000000206	SM	R	AGOGNA TERDOPPIO	2016-09-21 16:55:58	\N	\N	\N
000000207	SM	R	TICINO SVIZZERO	2016-09-21 16:55:58	\N	\N	\N
000000208	SM	R	SESIA	2016-09-21 16:55:58	\N	\N	\N
001236700	SM	R	ORCO SAN BENIGNO CANAVESE	2016-09-21 16:55:58	\N	\N	\N
001253700	SM	R	PO SAN SEBASTIANO DA PO	2016-09-21 16:55:58	\N	\N	\N
001272701	SM	R	DORA RIPARIA TORINO	2016-09-21 16:55:58	\N	\N	\N
001272702	SM	R	STURA DI LANZO TORINO	2016-09-21 16:55:58	\N	\N	\N
001293700	SM	R	DORA BALTEA VEROLENGO	2016-09-21 16:55:58	\N	\N	\N
001300700	SM	R	PELLICE VILLAFRANCA	2016-09-21 16:55:58	\N	\N	\N
002031200	SM	R	SESIA CARESANABLOT	2016-09-21 16:55:58	\N	\N	\N
002108700	SM	R	CERVO QUINTO VERCELLESE	2016-09-21 16:55:58	\N	\N	\N
003156200	SM	R	TOCE VERBANIA FONDO TOCE	2016-09-21 16:55:58	\N	\N	\N
004067200	SM	R	TANARO CHERASCO	2016-09-21 16:55:58	\N	\N	\N
004089901	SM	R	STURA DI DEMONTE FOSSANO	2016-09-21 16:55:58	\N	\N	\N
004143200	SM	R	PO MORETTA	2016-09-21 16:55:58	\N	\N	\N
004171700	SM	R	VARAITA POLONGHERA	2016-09-21 16:55:58	\N	\N	\N
004179700	SM	R	MAIRA RACCONIGI	2016-09-21 16:55:58	\N	\N	\N
006003901	SM	R	BORMIDA ALESSANDRIA	2016-09-21 16:55:58	\N	\N	\N
006037900	SM	R	ORBA CASAL CERMELLI	2016-09-21 16:55:58	\N	\N	\N
006105700	SM	R	TANARO MONTECASTELLO	2016-09-21 16:55:58	\N	\N	\N
012077900	SM	R	TICINO CASTELLETTO MIORINA	2016-09-21 16:55:58	\N	\N	\N
018081900	SM	R	PO LINAROLO PONTEBECCA	2016-09-21 16:55:58	\N	\N	\N
004043700	SRI	P	PESIO CARRU'	2016-07-25 10:25:36	\N	\N	\N
004079900	SRI	P	STURA DI DEMONTE GAIOLA	2016-05-18 10:34:57	\N	\N	\N
004086900	SRI	P	TANARO FARIGLIANO	2016-05-18 10:34:57	\N	\N	\N
004171700	SRI	P	VARAITA POLONGHERA	2016-05-18 10:34:57	\N	\N	\N
004179700	SRI	P	MAIRA RACCONIGI	2016-05-18 10:34:57	\N	\N	\N
005005900	SRI	P	TANARO ASTI	2016-05-18 10:34:57	\N	\N	\N
005029900	SRI	P	BELBO CASTELNUOVO	2016-05-18 10:34:57	\N	\N	\N
005064700	SRI	P	BORMIDA DI SPIGNO MOMBALDONE	2016-05-18 10:34:57	\N	\N	\N
005097900	SRI	P	BORBORE SAN DAMIANO	2016-05-18 10:34:57	\N	\N	\N
006012700	SRI	P	ORBA BASALUZZO	2016-05-18 10:34:57	\N	\N	\N
006037900	SRI	P	ORBA CASAL CERMELLI	2016-05-18 10:34:57	\N	\N	\N
006043900	SRI	P	BORMIDA CASSINE	2016-05-18 10:34:57	\N	\N	\N
006086700	SRI	P	SCRIVIA GUAZZORA Q A	2016-05-18 10:34:57	\N	\N	\N
006087700	SRI	P	PO ISOLA S. ANTONIO	2016-05-18 10:34:57	\N	\N	\N
001272909	Q_MED	P	SANGONE TORINO (TO)	2021-10-06 13:58:54	Sangone	Torino	\N
001179900	Q_MED	P	CHIUSELLA PARELLA (TO)	2021-10-06 14:16:20	Chiusella	Parella	\N
006091900	SRI	P	TANARO MASIO	2016-05-18 10:34:57	\N	\N	\N
006105700	SRI	P	TANARO MONTECASTELLO	2016-05-18 10:34:57	\N	\N	\N
006160900	SRI	P	SCRIVIA SERRAVALLE	2016-05-18 10:34:57	\N	\N	\N
006177900	SRI	P	PO VALENZA	2016-05-18 10:34:57	\N	\N	\N
018107700	SRI	P	SESIA PALESTRO	2016-05-18 10:34:57	\N	\N	\N
000000001	PLUV_CUM	R	A	2015-09-16 00:00:00	\N	\N	\N
000000001	SWE	R	A	2015-09-16 00:00:00	\N	\N	\N
000000002	PLUV_CUM	R	B	2015-09-16 00:00:00	\N	\N	\N
000000002	PLUV	R	B	2015-09-16 00:00:00	\N	\N	\N
000000002	SWE	R	B	2015-09-16 00:00:00	\N	\N	\N
000000003	SWE	R	C	2015-09-16 00:00:00	\N	\N	\N
000000003	PLUV_CUM	R	C	2015-09-16 00:00:00	\N	\N	\N
000000003	PLUV	R	C	2015-09-16 00:00:00	\N	\N	\N
000000004	SWE	R	D	2015-09-16 00:00:00	\N	\N	\N
000000004	PLUV_CUM	R	D	2015-09-16 00:00:00	\N	\N	\N
000000004	PLUV	R	D	2015-09-16 00:00:00	\N	\N	\N
000000005	SWE	R	E	2015-09-16 00:00:00	\N	\N	\N
000000005	PLUV_CUM	R	E	2015-09-16 00:00:00	\N	\N	\N
000000005	PLUV	R	E	2015-09-16 00:00:00	\N	\N	\N
000000006	SWE	R	F	2015-09-16 00:00:00	\N	\N	\N
000000006	PLUV_CUM	R	F	2015-09-16 00:00:00	\N	\N	\N
000000006	PLUV	R	F	2015-09-16 00:00:00	\N	\N	\N
000000007	SWE	R	G	2015-09-16 00:00:00	\N	\N	\N
000000007	PLUV_CUM	R	G	2015-09-16 00:00:00	\N	\N	\N
000000007	PLUV	R	G	2015-09-16 00:00:00	\N	\N	\N
000000008	SWE	R	H	2015-09-16 00:00:00	\N	\N	\N
000000008	PLUV_CUM	R	H	2015-09-16 00:00:00	\N	\N	\N
000000008	PLUV	R	H	2015-09-16 00:00:00	\N	\N	\N
000000009	SWE	R	I	2015-09-16 00:00:00	\N	\N	\N
000000009	PLUV_CUM	R	I	2015-09-16 00:00:00	\N	\N	\N
000000009	PLUV	R	I	2015-09-16 00:00:00	\N	\N	\N
000000010	SWE	R	L	2015-09-16 00:00:00	\N	\N	\N
000000010	PLUV_CUM	R	L	2015-09-16 00:00:00	\N	\N	\N
000000010	PLUV	R	L	2015-09-16 00:00:00	\N	\N	\N
000000011	SWE	R	M	2015-09-16 00:00:00	\N	\N	\N
000000011	PLUV_CUM	R	M	2015-09-16 00:00:00	\N	\N	\N
000000011	PLUV	R	M	2015-09-16 00:00:00	\N	\N	\N
000000012	SWE	R	T	2015-09-16 00:00:00	\N	\N	\N
000000012	PLUV_CUM	R	T	2015-09-16 00:00:00	\N	\N	\N
000000012	PLUV	R	T	2015-09-16 00:00:00	\N	\N	\N
000000013	SWE	R	V	2015-09-16 00:00:00	\N	\N	\N
000000013	PLUV_CUM	R	V	2015-09-16 00:00:00	\N	\N	\N
000000013	PLUV	R	V	2015-09-16 00:00:00	\N	\N	\N
000000201	SWE	R	PO CONFLUENZA DORA RIPARIA	2015-09-16 00:00:00	\N	\N	\N
000000209	PLUV	R	PIEMONTE_MERIDIONALE	2020-03-10 12:31:07	\N	\N	\N
000000201	PLUV	R	PO CONFLUENZA DORA RIPARIA	2015-09-16 00:00:00	\N	\N	\N
000000202	SWE	R	PO CONFLUENZA DORA BALTEA	2015-09-16 00:00:00	\N	\N	\N
000000001	PLUV	R	A	2019-09-18 12:15:32	\N	\N	\N
000000202	PLUV	R	PO CONFLUENZA DORA BALTEA	2015-09-16 00:00:00	\N	\N	\N
000000203	SWE	R	PO CONFLUENZA TANARO	2015-09-16 00:00:00	\N	\N	\N
000000203	PLUV	R	PO CONFLUENZA TANARO	2015-09-16 00:00:00	\N	\N	\N
000000204	SWE	R	RESIDUO TANARO	2015-09-16 00:00:00	\N	\N	\N
000000209	PLUV_CUM	R	PIEMONTE_MERIDIONALE	2020-03-10 12:31:29	\N	\N	\N
000000204	PLUV	R	RESIDUO TANARO	2015-09-16 00:00:00	\N	\N	\N
000000205	SWE	R	SCRIVIA CURONE	2015-09-16 00:00:00	\N	\N	\N
000000209	SM	R	PIEMONTE_MERIDIONALE	2020-03-10 12:31:45	\N	\N	\N
000000205	PLUV	R	SCRIVIA CURONE	2015-09-16 00:00:00	\N	\N	\N
000000206	SWE	R	AGOGNA TERDOPPIO	2015-09-16 00:00:00	\N	\N	\N
000000209	SWE	R	PIEMONTE_MERIDIONALE	2020-03-10 12:31:56	\N	\N	\N
000000206	PLUV	R	AGOGNA TERDOPPIO	2015-09-16 00:00:00	\N	\N	\N
000000207	SWE	R	TICINO SVIZZERO	2015-09-16 00:00:00	\N	\N	\N
000000210	PLUV	R	PIEMONTE_ORIENTALE	2020-03-10 12:33:20	\N	\N	\N
000000207	PLUV	R	TICINO SVIZZERO	2015-09-16 00:00:00	\N	\N	\N
000000208	SWE	R	SESIA	2015-09-16 00:00:00	\N	\N	\N
000000208	PLUV_CUM	R	SESIA	2015-09-16 00:00:00	\N	\N	\N
000000208	PLUV	R	SESIA	2015-09-16 00:00:00	\N	\N	\N
001034700	PORTATA	P	MALONE BRANDIZZO	2015-09-16 00:00:00	\N	\N	\N
001034700	IDRO	P	MALONE BRANDIZZO	2015-09-16 00:00:00	\N	\N	\N
001058900	IDRO	P	PO CARIGNANO	2015-09-16 00:00:00	\N	\N	\N
001058900	PORTATA	P	PO CARIGNANO	2015-09-16 00:00:00	\N	\N	\N
001066900	PORTATA	P	ORCO SPINETO	2015-09-16 00:00:00	\N	\N	\N
001066900	IDRO	P	ORCO SPINETO	2015-09-16 00:00:00	\N	\N	\N
001068700	IDRO	P	PO CASTIGLIONE TORINESE	2015-09-16 00:00:00	\N	\N	\N
001068700	PORTATA	P	PO CASTIGLIONE TORINESE	2015-09-16 00:00:00	\N	\N	\N
001082701	PORTATA	P	PO CHIVASSO	2015-09-16 00:00:00	\N	\N	\N
001082701	IDRO	P	PO CHIVASSO	2015-09-16 00:00:00	\N	\N	\N
001098901	IDRO	P	ORCO CUORGNE'	2015-09-16 00:00:00	\N	\N	\N
001098901	PORTATA	P	ORCO CUORGNE'	2015-09-16 00:00:00	\N	\N	\N
001109900	IDRO	P	MALONE FRONT	2015-09-16 00:00:00	\N	\N	\N
001109900	H_MIN	P	MALONE FRONT	2015-09-16 00:00:00	Malone	Front	\N
001109900	H_MAX	P	MALONE FRONT	2015-09-16 00:00:00	Malone	Front	\N
001109900	H_MED	P	MALONE FRONT	2015-09-16 00:00:00	Malone	Front	\N
001109900	Q_MIN	P	MALONE FRONT	2015-09-16 00:00:00	Malone	Front	\N
001109900	Q_MAX	P	MALONE FRONT	2015-09-16 00:00:00	Malone	Front	\N
001109900	PORTATA	P	MALONE FRONT	2015-09-16 00:00:00	\N	\N	\N
001113900	PORTATA	P	STURA DI VIU' GERMAGNANO	2015-09-16 00:00:00	\N	\N	\N
001113900	IDRO	P	STURA DI VIU' GERMAGNANO	2015-09-16 00:00:00	\N	\N	\N
001127700	H_MIN	P	CHISOLA LA LOGGIA	2015-09-16 00:00:00	Chisola	La Loggia	\N
001127700	IDRO	P	CHISOLA LA LOGGIA	2015-09-16 00:00:00	\N	\N	\N
001127700	H_MED	P	CHISOLA LA LOGGIA	2015-09-16 00:00:00	Chisola	La Loggia	\N
001127700	PORTATA	P	CHISOLA LA LOGGIA	2015-09-16 00:00:00	\N	\N	\N
001127700	H_MAX	P	CHISOLA LA LOGGIA	2015-09-16 00:00:00	Chisola	La Loggia	\N
001127700	Q_MAX	P	CHISOLA LA LOGGIA	2015-09-16 00:00:00	Chisola	La Loggia	\N
001127700	Q_MIN	P	CHISOLA LA LOGGIA	2015-09-16 00:00:00	Chisola	La Loggia	\N
001128901	H_MIN	P	STURA DI LANZO LANZO	2015-09-16 00:00:00	Stura di Lanzo	Lanzo	\N
001128901	H_MAX	P	STURA DI LANZO LANZO	2015-09-16 00:00:00	Stura di Lanzo	Lanzo	\N
001128901	H_MED	P	STURA DI LANZO LANZO	2015-09-16 00:00:00	Stura di Lanzo	Lanzo	\N
001128901	Q_MIN	P	STURA DI LANZO LANZO	2015-09-16 00:00:00	Stura di Lanzo	Lanzo	\N
001128901	Q_MAX	P	STURA DI LANZO LANZO	2015-09-16 00:00:00	Stura di Lanzo	Lanzo	\N
001128901	PORTATA	P	STURA DI LANZO LANZO	2015-09-16 00:00:00	\N	\N	\N
000000210	PLUV_CUM	R	PIEMONTE_ORIENTALE	2020-03-10 12:33:35	\N	\N	\N
001128901	IDRO	P	STURA DI LANZO LANZO	2015-09-16 00:00:00	\N	\N	\N
001139901	IDRO	P	PELLICE LUSERNA SAN GIOVANNI	2015-09-16 00:00:00	\N	\N	\N
001139901	PORTATA	P	PELLICE LUSERNA SAN GIOVANNI	2015-09-16 00:00:00	\N	\N	\N
001156700	IDRO	P	SANGONE MONCALIERI Q A	2015-09-16 00:00:00	\N	\N	\N
001156700	H_MIN	P	SANGONE MONCALIERI	2015-09-16 00:00:00	\N	\N	\N
001156700	H_MAX	P	SANGONE MONCALIERI	2015-09-16 00:00:00	\N	\N	\N
001156700	H_MED	P	SANGONE MONCALIERI	2015-09-16 00:00:00	\N	\N	\N
001156700	Q_MIN	P	SANGONE MONCALIERI	2015-09-16 00:00:00	\N	\N	\N
001156700	Q_MAX	P	SANGONE MONCALIERI	2015-09-16 00:00:00	\N	\N	\N
001156700	PORTATA	P	SANGONE MONCALIERI Q A	2015-09-16 00:00:00	\N	\N	\N
001156901	H_MAX	P	PO MONCALIERI	2015-09-16 00:00:00	\N	\N	\N
001156901	IDRO	P	PO MONCALIERI	2015-09-16 00:00:00	\N	\N	\N
001156901	H_MIN	P	PO MONCALIERI	2015-09-16 00:00:00	\N	\N	\N
001156901	H_MED	P	PO MONCALIERI	2015-09-16 00:00:00	\N	\N	\N
001156901	Q_MIN	P	PO MONCALIERI	2015-09-16 00:00:00	\N	\N	\N
001156901	Q_MAX	P	PO MONCALIERI	2015-09-16 00:00:00	\N	\N	\N
001156901	PORTATA	P	PO MONCALIERI	2015-09-16 00:00:00	\N	\N	\N
001175901	IDRO	P	DORA RIPARIA OULX	2015-09-16 00:00:00	\N	\N	\N
001175901	H_MIN	P	DORA RIPARIA OULX	2015-09-16 00:00:00	\N	\N	\N
001175901	H_MAX	P	DORA RIPARIA OULX	2015-09-16 00:00:00	\N	\N	\N
001175901	H_MED	P	DORA RIPARIA OULX	2015-09-16 00:00:00	\N	\N	\N
001175901	Q_MIN	P	DORA RIPARIA OULX	2015-09-16 00:00:00	\N	\N	\N
001175901	Q_MAX	P	DORA RIPARIA OULX	2015-09-16 00:00:00	\N	\N	\N
001175901	PORTATA	P	DORA RIPARIA OULX	2015-09-16 00:00:00	\N	\N	\N
001175902	IDRO	P	DORA DI BARDONECCHIA BEAULARD	2015-09-16 00:00:00	\N	\N	\N
001175902	PORTATA	P	DORA DI BARDONECCHIA BEAULARD OULX	2015-09-16 00:00:00	\N	\N	\N
001179900	IDRO	P	CHIUSELLA PARELLA	2015-09-16 00:00:00	\N	\N	\N
001179900	PORTATA	P	CHIUSELLA PARELLA	2015-09-16 00:00:00	\N	\N	\N
001186900	PORTATA	P	GERMAGNASCA PERRERO	2015-09-16 00:00:00	\N	\N	\N
001186900	IDRO	P	GERMAGNASCA PERRERO	2015-09-16 00:00:00	\N	\N	\N
001191901	IDRO	P	CHISONE SAN MARTINO	2015-09-16 00:00:00	\N	\N	\N
001191901	H_MIN	P	CHISONE SAN MARTINO	2015-09-16 00:00:00	Chisone	San Martino	\N
001191901	H_MAX	P	CHISONE SAN MARTINO	2015-09-16 00:00:00	Chisone	San Martino	\N
001191901	H_MED	P	CHISONE SAN MARTINO	2015-09-16 00:00:00	Chisone	San Martino	\N
001191901	Q_MIN	P	CHISONE SAN MARTINO	2015-09-16 00:00:00	Chisone	San Martino	\N
001191901	Q_MAX	P	CHISONE SAN MARTINO	2015-09-16 00:00:00	Chisone	San Martino	\N
001191901	PORTATA	P	CHISONE SAN MARTINO	2015-09-16 00:00:00	\N	\N	\N
001197900	IDRO	P	BANNA POIRINO	2015-09-16 00:00:00	\N	\N	\N
001197900	PORTATA	P	BANNA POIRINO	2015-09-16 00:00:00	\N	\N	\N
001197901	IDRO	P	RIO VERDE POIRINO	2015-09-16 00:00:00	\N	\N	\N
001197901	PORTATA	P	RIO VERDE POIRINO	2015-09-16 00:00:00	\N	\N	\N
001199700	PORTATA	P	SOANA PONT	2015-09-16 00:00:00	\N	\N	\N
001199700	IDRO	P	SOANA PONT	2015-09-16 00:00:00	\N	\N	\N
001201907	PORTATA	P	CHISONE SOUCHERES BASSES	2015-09-16 00:00:00	\N	\N	\N
001201907	IDRO	P	CHISONE SOUCHERES BASSES	2015-09-16 00:00:00	\N	\N	\N
001236700	SWE	R	ORCO SAN BENIGNO CANAVESE	2015-09-16 00:00:00	\N	\N	\N
001236700	IDRO	P	ORCO SAN BENIGNO CANAVESE	2015-09-16 00:00:00	\N	\N	\N
001236700	H_MIN	P	ORCO SAN BENIGNO CANAVESE	2015-09-16 00:00:00	Orco	San Benigno	\N
001236700	H_MAX	P	ORCO SAN BENIGNO CANAVESE	2015-09-16 00:00:00	Orco	San Benigno	\N
001236700	H_MED	P	ORCO SAN BENIGNO CANAVESE	2015-09-16 00:00:00	Orco	San Benigno	\N
001236700	Q_MIN	P	ORCO SAN BENIGNO CANAVESE	2015-09-16 00:00:00	Orco	San Benigno	\N
001236700	Q_MAX	P	ORCO SAN BENIGNO CANAVESE	2015-09-16 00:00:00	Orco	San Benigno	\N
001236700	PLUV	R	ORCO SAN BENIGNO CANAVESE	2015-09-16 00:00:00	\N	\N	\N
001236700	PORTATA	P	ORCO SAN BENIGNO CANAVESE	2015-09-16 00:00:00	\N	\N	\N
001253700	SWE	R	PO SAN SEBASTIANO DA PO	2015-09-16 00:00:00	\N	\N	\N
001253700	IDRO	P	PO SAN SEBASTIANO DA PO	2015-09-16 00:00:00	\N	\N	\N
001253700	H_MIN	P	PO SAN SEBASTIANO DA PO	2015-09-16 00:00:00	Po	San Sebastiano	\N
001253700	H_MAX	P	PO SAN SEBASTIANO DA PO	2015-09-16 00:00:00	Po	San Sebastiano	\N
001253700	H_MED	P	PO SAN SEBASTIANO DA PO	2015-09-16 00:00:00	Po	San Sebastiano	\N
001253700	Q_MIN	P	PO SAN SEBASTIANO DA PO	2015-09-16 00:00:00	Po	San Sebastiano	\N
001253700	Q_MAX	P	PO SAN SEBASTIANO DA PO	2015-09-16 00:00:00	Po	San Sebastiano	\N
000000210	SM	R	PIEMONTE_ORIENTALE	2020-03-10 12:33:53	\N	\N	\N
001253700	PLUV	R	PO SAN SEBASTIANO DA PO	2015-09-16 00:00:00	\N	\N	\N
001253700	PORTATA	P	PO SAN SEBASTIANO DA PO	2015-09-16 00:00:00	\N	\N	\N
001257900	IDRO	P	BANNA SANTENA	2015-09-16 00:00:00	\N	\N	\N
001257900	H_MIN	P	BANNA SANTENA	2015-09-16 00:00:00	Banna	Santena	\N
001257900	H_MAX	P	BANNA SANTENA	2015-09-16 00:00:00	Banna	Santena	\N
001257900	H_MED	P	BANNA SANTENA	2015-09-16 00:00:00	Banna	Santena	\N
001257900	Q_MIN	P	BANNA SANTENA	2015-09-16 00:00:00	Banna	Santena	\N
001257900	Q_MAX	P	BANNA SANTENA	2015-09-16 00:00:00	Banna	Santena	\N
001257900	PORTATA	P	BANNA SANTENA	2015-09-16 00:00:00	\N	\N	\N
001270902	IDRO	P	DORA RIPARIA SUSA PONTE BRIANCON	2015-09-16 00:00:00	\N	\N	\N
001270902	PORTATA	P	DORA RIPARIA SUSA PONTE BRIANCON	2015-09-16 00:00:00	\N	\N	\N
001270903	IDRO	P	CENISCHIA SUSA	2015-09-16 00:00:00	\N	\N	\N
001270903	PORTATA	P	CENISCHIA SUSA	2015-09-16 00:00:00	\N	\N	\N
001270904	Q_MIN	P	DORA RIPARIA SUSA VIA MAZZINI	2015-09-16 00:00:00	Dora Riparia	Susa (Via Mazzini)	\N
001270904	PORTATA	P	DORA RIPARIA SUSA VIA MAZZINI	2015-09-16 00:00:00	\N	\N	\N
001270904	H_MIN	P	DORA RIPARIA SUSA VIA MAZZINI	2015-09-16 00:00:00	Dora Riparia	Susa (Via Mazzini)	\N
001270904	IDRO	P	DORA RIPARIA SUSA VIA MAZZINI	2015-09-16 00:00:00	\N	\N	\N
001270904	H_MAX	P	DORA RIPARIA SUSA VIA MAZZINI	2015-09-16 00:00:00	Dora Riparia	Susa (Via Mazzini)	\N
001270904	Q_MAX	P	DORA RIPARIA SUSA VIA MAZZINI	2015-09-16 00:00:00	Dora Riparia	Susa (Via Mazzini)	\N
001270904	H_MED	P	DORA RIPARIA SUSA VIA MAZZINI	2015-09-16 00:00:00	Dora Riparia	Susa (Via Mazzini)	\N
001271900	IDRO	P	DORA BALTEA TAVAGNASCO	2015-09-16 00:00:00	\N	\N	\N
001271900	H_MAX	P	DORA BALTEA TAVAGNASCO	2015-09-16 00:00:00	Dora Baltea	Tavagnasco	\N
001271900	H_MED	P	DORA BALTEA TAVAGNASCO	2015-09-16 00:00:00	Dora Baltea	Tavagnasco	\N
003096901	IDRO	P	LAGO MAGGIORE	2020-09-29 12:02:05	\N	\N	\N
001271900	H_MIN	P	DORA BALTEA TAVAGNASCO	2015-09-16 00:00:00	Dora Baltea	Tavagnasco	\N
001271900	Q_MAX	P	DORA BALTEA TAVAGNASCO	2015-09-16 00:00:00	Dora Baltea	Tavagnasco	\N
001271900	Q_MIN	P	DORA BALTEA TAVAGNASCO	2015-09-16 00:00:00	Dora Baltea	Tavagnasco	\N
001271900	PORTATA	P	DORA BALTEA TAVAGNASCO	2015-09-16 00:00:00	\N	\N	\N
001272592	PORTATA	P	TORINO_STURA_DI_LANZO	2015-09-16 00:00:00	\N	\N	\N
001272700	IDRO	P	PO TORINO MURAZZI Q A	2015-09-16 00:00:00	\N	\N	\N
001272700	PORTATA	P	PO TORINO MURAZZI Q A	2015-09-16 00:00:00	\N	\N	\N
001272701	PORTATA	P	DORA RIPARIA TORINO	2015-09-16 00:00:00	\N	\N	\N
001272701	SWE	R	DORA RIPARIA TORINO	2015-09-16 00:00:00	\N	\N	\N
001272701	IDRO	P	DORA RIPARIA TORINO	2015-09-16 00:00:00	\N	\N	\N
001272701	H_MIN	P	DORA RIPARIA TORINO	2015-09-16 00:00:00	Dora Riparia	Torino	\N
001272701	H_MAX	P	DORA RIPARIA TORINO	2015-09-16 00:00:00	Dora Riparia	Torino	\N
001272701	H_MED	P	DORA RIPARIA TORINO	2015-09-16 00:00:00	Dora Riparia	Torino	\N
001272701	Q_MIN	P	DORA RIPARIA TORINO	2015-09-16 00:00:00	Dora Riparia	Torino	\N
001272701	Q_MAX	P	DORA RIPARIA TORINO	2015-09-16 00:00:00	Dora Riparia	Torino	\N
000000210	SWE	R	PIEMONTE_ORIENTALE	2020-03-10 12:34:08	\N	\N	\N
001272701	PLUV	R	DORA RIPARIA TORINO	2015-09-16 00:00:00	\N	\N	\N
001272702	SWE	R	STURA DI LANZO TORINO	2015-09-16 00:00:00	\N	\N	\N
001272702	H_MIN	P	STURA DI LANZO TORINO	2015-09-16 00:00:00	Stura di Lanzo	Torino	\N
001272702	H_MAX	P	STURA DI LANZO TORINO	2015-09-16 00:00:00	Stura di Lanzo	Torino	\N
001272702	H_MED	P	STURA DI LANZO TORINO	2015-09-16 00:00:00	Stura di Lanzo	Torino	\N
001272702	Q_MIN	P	STURA DI LANZO TORINO	2015-09-16 00:00:00	Stura di Lanzo	Torino	\N
001272702	Q_MAX	P	STURA DI LANZO TORINO	2015-09-16 00:00:00	Stura di Lanzo	Torino	\N
001293700	SRI	P	DORA BALTEA VEROLENGO	2021-07-30 15:21:45	Dora Baltea	Verolengo	\N
001272702	PLUV	R	STURA DI LANZO TORINO	2015-09-16 00:00:00	\N	\N	\N
001272702	PORTATA	P	STURA DI LANZO TORINO	2015-09-16 00:00:00	\N	\N	\N
001272702	IDRO	P	STURA DI LANZO TORINO	2015-09-16 00:00:00	\N	\N	\N
001272703	IDRO	P	PO TORINO MURAZZI PONTE REGINA	2015-09-16 00:00:00	\N	\N	\N
001272703	H_MIN	P	PO TORINO MURAZZI PONTE REGINA	2015-09-16 00:00:00	Po	Torino (C.so Regina)	\N
001272703	H_MAX	P	PO TORINO MURAZZI PONTE REGINA	2015-09-16 00:00:00	Po	Torino (C.so Regina)	\N
001272703	H_MED	P	PO TORINO MURAZZI PONTE REGINA	2015-09-16 00:00:00	Po	Torino (C.so Regina)	\N
001272703	Q_MIN	P	PO TORINO MURAZZI PONTE REGINA	2015-09-16 00:00:00	Po	Torino (C.so Regina)	\N
001272703	Q_MAX	P	PO TORINO MURAZZI PONTE REGINA	2015-09-16 00:00:00	Po	Torino (C.so Regina)	\N
001272703	PORTATA	P	PO TORINO MURAZZI PONTE REGINA	2015-09-16 00:00:00	\N	\N	\N
001276900	IDRO	P	SANGONE TRANA	2015-09-16 00:00:00	\N	\N	\N
001276900	PORTATA	P	SANGONE TRANA	2015-09-16 00:00:00	\N	\N	\N
001276901	PORTATA	P	MONCALIERI_SANGONE	2015-09-16 00:00:00	\N	\N	\N
001292900	IDRO	P	CERONDA VENARIA	2015-09-16 00:00:00	\N	\N	\N
001292900	PORTATA	P	CERONDA VENARIA	2015-09-16 00:00:00	\N	\N	\N
001293700	SWE	R	DORA BALTEA VEROLENGO	2015-09-16 00:00:00	\N	\N	\N
001293700	IDRO	P	DORA BALTEA VEROLENGO	2015-09-16 00:00:00	\N	\N	\N
001293700	H_MIN	P	DORA BALTEA VEROLENGO	2015-09-16 00:00:00	Dora Baltea	Verolengo	\N
001293700	H_MAX	P	DORA BALTEA VEROLENGO	2015-09-16 00:00:00	Dora Baltea	Verolengo	\N
001293700	H_MED	P	DORA BALTEA VEROLENGO	2015-09-16 00:00:00	Dora Baltea	Verolengo	\N
001293700	Q_MIN	P	DORA BALTEA VEROLENGO	2015-09-16 00:00:00	Dora Baltea	Verolengo	\N
001293700	Q_MAX	P	DORA BALTEA VEROLENGO	2015-09-16 00:00:00	Dora Baltea	Verolengo	\N
001300900	SRI	P	PO VILLAFRANCA PIEMONTE	2021-07-30 15:23:14	Po	Villafranca Piemonte	\N
001293700	PLUV	R	DORA BALTEA VEROLENGO	2015-09-16 00:00:00	\N	\N	\N
001293700	PORTATA	P	DORA BALTEA VEROLENGO	2015-09-16 00:00:00	\N	\N	\N
001300700	SWE	R	PELLICE VILLAFRANCA	2015-09-16 00:00:00	\N	\N	\N
001300700	IDRO	P	PELLICE VILLAFRANCA	2015-09-16 00:00:00	\N	\N	\N
001300700	H_MIN	P	PELLICE VILLAFRANCA	2015-09-16 00:00:00	Pellice	Villafranca	\N
001300700	H_MAX	P	PELLICE VILLAFRANCA	2015-09-16 00:00:00	Pellice	Villafranca	\N
001300700	H_MED	P	PELLICE VILLAFRANCA	2015-09-16 00:00:00	Pellice	Villafranca	\N
001300700	Q_MIN	P	PELLICE VILLAFRANCA	2015-09-16 00:00:00	Pellice	Villafranca	\N
001300700	Q_MAX	P	PELLICE VILLAFRANCA	2015-09-16 00:00:00	Pellice	Villafranca	\N
004089901	SRI	P	STURA DI DEMONTE FOSSANO	2021-07-30 15:24:22	Stura di Demonte	Fossano	\N
001300700	PLUV	R	PELLICE VILLAFRANCA	2015-09-16 00:00:00	\N	\N	\N
001300700	PORTATA	P	PELLICE VILLAFRANCA	2015-09-16 00:00:00	\N	\N	\N
002016900	PORTATA	P	SESIA BORGOSESIA	2015-09-16 00:00:00	\N	\N	\N
002016900	IDRO	P	SESIA BORGOSESIA	2015-09-16 00:00:00	\N	\N	\N
002016901	PORTATA	P	SESIA BORGOSESIA ISOLELLA	2015-09-16 00:00:00	\N	\N	\N
002016901	IDRO	P	SESIA BORGOSESIA ISOLELLA	2015-09-16 00:00:00	\N	\N	\N
002025900	H_MIN	P	SESIA CAMPERTOGNO	2015-09-16 00:00:00	\N	\N	\N
002025900	H_MAX	P	SESIA CAMPERTOGNO	2015-09-16 00:00:00	\N	\N	\N
002025900	H_MED	P	SESIA CAMPERTOGNO	2015-09-16 00:00:00	\N	\N	\N
002025900	Q_MIN	P	SESIA CAMPERTOGNO	2015-09-16 00:00:00	\N	\N	\N
002025900	Q_MAX	P	SESIA CAMPERTOGNO	2015-09-16 00:00:00	\N	\N	\N
002025900	PORTATA	P	SESIA CAMPERTOGNO	2015-09-16 00:00:00	\N	\N	\N
002025900	IDRO	P	SESIA CAMPERTOGNO	2015-09-16 00:00:00	\N	\N	\N
002031200	SWE	R	SESIA CARESANABLOT	2015-09-16 00:00:00	\N	\N	\N
002031200	PLUV	R	SESIA CARESANABLOT	2015-09-16 00:00:00	\N	\N	\N
002032700	PORTATA	P	ELVO CARISIO	2015-09-16 00:00:00	\N	\N	\N
002032700	H_MED	P	ELVO CARISIO	2015-09-16 00:00:00	Elvo	Carisio	\N
002032700	IDRO	P	ELVO CARISIO	2015-09-16 00:00:00	\N	\N	\N
002032700	H_MIN	P	ELVO CARISIO	2015-09-16 00:00:00	Elvo	Carisio	\N
002032700	Q_MIN	P	ELVO CARISIO	2015-09-16 00:00:00	Elvo	Carisio	\N
002032700	H_MAX	P	ELVO CARISIO	2015-09-16 00:00:00	Elvo	Carisio	\N
002032700	Q_MAX	P	ELVO CARISIO	2015-09-16 00:00:00	Elvo	Carisio	\N
002046900	PORTATA	P	STRONA COSSATO	2015-09-16 00:00:00	\N	\N	\N
002046900	IDRO	P	STRONA COSSATO	2015-09-16 00:00:00	\N	\N	\N
002049900	IDRO	P	PO CRESCENTINO	2015-09-16 00:00:00	\N	\N	\N
002049900	PORTATA	P	PO CRESCENTINO	2015-09-16 00:00:00	\N	\N	\N
002105900	PORTATA	P	SESSERA PRALY	2015-09-16 00:00:00	\N	\N	\N
002105900	IDRO	P	SESSERA PRALY	2015-09-16 00:00:00	\N	\N	\N
002108700	SWE	R	CERVO QUINTO VERCELLESE	2015-09-16 00:00:00	\N	\N	\N
002108700	IDRO	P	CERVO QUINTO VERCELLESE	2015-09-16 00:00:00	\N	\N	\N
002108700	H_MAX	P	CERVO QUINTO VERCELLESE	2015-09-16 00:00:00	Cervo	Quinto Vercellese	\N
002108700	H_MED	P	CERVO QUINTO VERCELLESE	2015-09-16 00:00:00	Cervo	Quinto Vercellese	\N
002108700	H_MIN	P	CERVO QUINTO VERCELLESE	2015-09-16 00:00:00	Cervo	Quinto Vercellese	\N
002108700	Q_MAX	P	CERVO QUINTO VERCELLESE	2015-09-16 00:00:00	Cervo	Quinto Vercellese	\N
002108700	Q_MIN	P	CERVO QUINTO VERCELLESE	2015-09-16 00:00:00	Cervo	Quinto Vercellese	\N
003056900	IDRO	P	TOCE PONTEMAGLIO	2020-10-20 09:55:57	\N	\N	\N
002108700	PLUV	R	CERVO QUINTO VERCELLESE	2015-09-16 00:00:00	\N	\N	\N
002108700	PORTATA	P	CERVO QUINTO VERCELLESE	2015-09-16 00:00:00	\N	\N	\N
002124900	IDRO	P	CERVO PASSOBREVE	2015-09-16 00:00:00	\N	\N	\N
002124900	PORTATA	P	CERVO PASSOBREVE	2015-09-16 00:00:00	\N	\N	\N
002129500	PORTATA	P	ELVO_A_SALUSSOLA	2015-09-16 00:00:00	\N	\N	\N
002156700	IDRO	P	MASTALLONE VARALLO	2015-09-16 00:00:00	\N	\N	\N
002156700	H_MIN	P	MASTALLONE VARALLO	2015-09-16 00:00:00	\N	\N	\N
002156700	H_MAX	P	MASTALLONE VARALLO	2015-09-16 00:00:00	\N	\N	\N
002156700	H_MED	P	MASTALLONE VARALLO	2015-09-16 00:00:00	\N	\N	\N
002156700	Q_MIN	P	MASTALLONE VARALLO	2015-09-16 00:00:00	\N	\N	\N
002156700	Q_MAX	P	MASTALLONE VARALLO	2015-09-16 00:00:00	\N	\N	\N
002156700	PORTATA	P	MASTALLONE VARALLO	2015-09-16 00:00:00	\N	\N	\N
002160900	H_MAX	P	CERVO VIGLIANO	2015-09-16 00:00:00	Cervo	Vigliano	\N
002160900	IDRO	P	CERVO VIGLIANO	2015-09-16 00:00:00	\N	\N	\N
002160900	Q_MAX	P	CERVO VIGLIANO	2015-09-16 00:00:00	Cervo	Vigliano	\N
002160900	PORTATA	P	CERVO VIGLIANO	2015-09-16 00:00:00	\N	\N	\N
002160900	H_MIN	P	CERVO VIGLIANO	2015-09-16 00:00:00	Cervo	Vigliano	\N
002160900	H_MED	P	CERVO VIGLIANO	2015-09-16 00:00:00	Cervo	Vigliano	\N
002160900	Q_MIN	P	CERVO VIGLIANO	2015-09-16 00:00:00	Cervo	Vigliano	\N
003010901	IDRO	P	DEVERO BACENO	2015-09-16 00:00:00	\N	\N	\N
003010901	PORTATA	P	DEVERO BACENO	2015-09-16 00:00:00	\N	\N	\N
003030900	PORTATA	P	TERDOPPIO CALTIGNAGA	2015-09-16 00:00:00	\N	\N	\N
003030900	IDRO	P	TERDOPPIO CALTIGNAGA	2015-09-16 00:00:00	\N	\N	\N
003056901	IDRO	P	DIVERIA CREVOLADOSSOLA	2015-09-16 00:00:00	\N	\N	\N
003056901	PORTATA	P	DIVERIA CREVOLADOSSOLA	2015-09-16 00:00:00	\N	\N	\N
003061902	Q_MIN	P	TOCE DOMODOSSOLA	2015-09-16 00:00:00	\N	\N	\N
003061902	PORTATA	P	TOCE DOMODOSSOLA	2015-09-16 00:00:00	\N	\N	\N
003061902	Q_MAX	P	TOCE DOMODOSSOLA	2015-09-16 00:00:00	\N	\N	\N
003061902	IDRO	P	TOCE DOMODOSSOLA	2015-09-16 00:00:00	\N	\N	\N
003061902	H_MAX	P	TOCE DOMODOSSOLA	2015-09-16 00:00:00	\N	\N	\N
003061902	H_MIN	P	TOCE DOMODOSSOLA	2015-09-16 00:00:00	\N	\N	\N
003061902	H_MED	P	TOCE DOMODOSSOLA	2015-09-16 00:00:00	\N	\N	\N
003078700	PORTATA	P	STRONA GAVELLONA	2015-09-16 00:00:00	\N	\N	\N
003078700	IDRO	P	STRONA GAVELLONA	2015-09-16 00:00:00	\N	\N	\N
003086902	IDRO	P	ANZA MACUGNAGA	2015-09-16 00:00:00	\N	\N	\N
003086902	PORTATA	P	ANZA MACUGNAGA	2015-09-16 00:00:00	\N	\N	\N
003092900	IDRO	P	MELEZZO OCCIDENTALE MASERA	2015-09-16 00:00:00	\N	\N	\N
003092900	PORTATA	P	MELEZZO OCCIDENTALE MASERA	2015-09-16 00:00:00	\N	\N	\N
003096900	H_MIN	P	TOCE CANDOGLIA	2015-09-16 00:00:00	Toce	Candoglia	\N
003096900	H_MAX	P	TOCE CANDOGLIA	2015-09-16 00:00:00	Toce	Candoglia	\N
003096900	H_MED	P	TOCE CANDOGLIA	2015-09-16 00:00:00	Toce	Candoglia	\N
003096900	Q_MIN	P	TOCE CANDOGLIA	2015-09-16 00:00:00	Toce	Candoglia	\N
003096900	Q_MAX	P	TOCE CANDOGLIA	2015-09-16 00:00:00	Toce	Candoglia	\N
003096900	PORTATA	P	TOCE CANDOGLIA	2015-09-16 00:00:00	\N	\N	\N
003096900	IDRO	P	TOCE CANDOGLIA	2015-09-16 00:00:00	\N	\N	\N
003096901	PORTATA	P	TOCE LAGO	2015-09-16 00:00:00	\N	\N	\N
003100900	IDRO	P	AGOGNA MOMO	2015-09-16 00:00:00	\N	\N	\N
003100900	Q_MAX	P	AGOGNA MOMO	2015-09-16 00:00:00	Agogna	Momo	\N
003100900	PORTATA	P	AGOGNA MOMO	2015-09-16 00:00:00	\N	\N	\N
003100900	H_MAX	P	AGOGNA MOMO	2015-09-16 00:00:00	Agogna	Momo	\N
003100900	Q_MIN	P	AGOGNA MOMO	2015-09-16 00:00:00	Agogna	Momo	\N
003100900	H_MIN	P	AGOGNA MOMO	2015-09-16 00:00:00	Agogna	Momo	\N
003100900	H_MED	P	AGOGNA MOMO	2015-09-16 00:00:00	Agogna	Momo	\N
003101900	PORTATA	P	ISORNO PONTETTO	2015-09-16 00:00:00	\N	\N	\N
003101900	IDRO	P	ISORNO PONTETTO	2015-09-16 00:00:00	\N	\N	\N
003106700	IDRO	P	AGOGNA NOVARA	2015-09-16 00:00:00	\N	\N	\N
003106700	H_MIN	P	AGOGNA NOVARA	2015-09-16 00:00:00	\N	\N	\N
003106700	H_MAX	P	AGOGNA NOVARA	2015-09-16 00:00:00	\N	\N	\N
003106700	H_MED	P	AGOGNA NOVARA	2015-09-16 00:00:00	\N	\N	\N
003106700	Q_MIN	P	AGOGNA NOVARA	2015-09-16 00:00:00	\N	\N	\N
003106700	Q_MAX	P	AGOGNA NOVARA	2015-09-16 00:00:00	\N	\N	\N
003106700	PORTATA	P	AGOGNA NOVARA	2015-09-16 00:00:00	\N	\N	\N
003117900	IDRO	P	ANZA PIEDIMULERA	2015-09-16 00:00:00	\N	\N	\N
003117900	PORTATA	P	ANZA PIEDIMULERA	2015-09-16 00:00:00	\N	\N	\N
003129700	IDRO	P	SESIA RECETTO Q A	2015-09-16 00:00:00	\N	\N	\N
002124900	H_MAX	P	CERVO PASSOBREVE	2016-02-03 12:50:22	\N	\N	\N
002124900	H_MED	P	CERVO PASSOBREVE	2016-02-03 12:50:25	\N	\N	\N
002124900	H_MIN	P	CERVO PASSOBREVE	2016-02-03 12:50:28	\N	\N	\N
002124900	Q_MAX	P	CERVO PASSOBREVE	2016-02-03 12:50:31	\N	\N	\N
002124900	Q_MIN	P	CERVO PASSOBREVE	2016-02-03 12:50:38	\N	\N	\N
003129700	PORTATA	P	SESIA RECETTO Q A	2015-09-16 00:00:00	\N	\N	\N
003132900	IDRO	P	SAN BERNARDINO SANTINO	2015-09-16 00:00:00	\N	\N	\N
003132900	PORTATA	P	SAN BERNARDINO SANTINO	2015-09-16 00:00:00	\N	\N	\N
003156200	SWE	R	TOCE VERBANIA FONDO TOCE	2015-09-16 00:00:00	\N	\N	\N
003056900	PORTATA	P	TOCE PONTEMAGLIO	2020-10-20 09:56:00	\N	\N	\N
003156200	PLUV	R	TOCE VERBANIA FONDO TOCE	2015-09-16 00:00:00	\N	\N	\N
003156900	PORTATA	P	TICINO VERBANIA	2015-09-16 00:00:00	\N	\N	\N
003156900	IDRO	P	TICINO VERBANIA	2015-09-16 00:00:00	\N	\N	\N
003156901	IDRO	P	SAN GIOVANNI VERBANIA	2015-09-16 00:00:00	\N	\N	\N
003156901	PORTATA	P	SAN GIOVANNI VERBANIA	2015-09-16 00:00:00	\N	\N	\N
003061901	IDRO	P	BOGNA PONTE_CADDO	2020-10-20 09:57:01	\N	\N	\N
003061901	PORTATA	P	BOGNA PONTE_CADDO	2020-10-20 09:57:04	\N	\N	\N
002016901	SRI	P	SESIA BORGOSESIA ISOLELLA	2021-07-30 15:25:53	Sesia	Borgosesia	\N
003162900	IDRO	P	OVESCA VILLADOSSOLA	2015-09-16 00:00:00	\N	\N	\N
003162900	PORTATA	P	OVESCA VILLADOSSOLA	2015-09-16 00:00:00	\N	\N	\N
004003900	H_MIN	P	TANARO ALBA	2015-09-16 00:00:00	Tanaro	Alba	\N
004003900	H_MAX	P	TANARO ALBA	2015-09-16 00:00:00	Tanaro	Alba	\N
004003900	H_MED	P	TANARO ALBA	2015-09-16 00:00:00	Tanaro	Alba	\N
004003900	Q_MIN	P	TANARO ALBA	2015-09-16 00:00:00	Tanaro	Alba	\N
004003900	Q_MAX	P	TANARO ALBA	2015-09-16 00:00:00	Tanaro	Alba	\N
004003900	PORTATA	P	TANARO ALBA	2015-09-16 00:00:00	\N	\N	\N
004003900	IDRO	P	TANARO ALBA	2015-09-16 00:00:00	\N	\N	\N
004003901	PORTATA	P	TALLORIA GALLO D'ALBA	2015-09-16 00:00:00	\N	\N	\N
004003901	IDRO	P	TALLORIA GALLO D'ALBA	2015-09-16 00:00:00	\N	\N	\N
004025500	PORTATA	P	GESSO BORGO SAN DALMAZZO	2015-09-16 00:00:00	\N	\N	\N
004025700	IDRO	P	GESSO BORGO SAN DALMAZZO	2015-09-16 00:00:00	\N	\N	\N
004025700	PORTATA	P	GESSO BORGO SAN DALMAZZO	2015-09-16 00:00:00	\N	\N	\N
004034900	PORTATA	P	MAIRA BUSCA	2015-09-16 00:00:00	\N	\N	\N
004034900	IDRO	P	MAIRA BUSCA	2015-09-16 00:00:00	\N	\N	\N
004035700	IDRO	P	BORMIDA DI MILLESIMO CAMERANA	2015-09-16 00:00:00	\N	\N	\N
004035700	H_MIN	P	BORMIDA DI MILLESIMO CAMERANA	2015-09-16 00:00:00	Bormida di Millesimo	Camerana	\N
004035700	H_MAX	P	BORMIDA DI MILLESIMO CAMERANA	2015-09-16 00:00:00	Bormida di Millesimo	Camerana	\N
004035700	H_MED	P	BORMIDA DI MILLESIMO CAMERANA	2015-09-16 00:00:00	Bormida di Millesimo	Camerana	\N
004035700	Q_MIN	P	BORMIDA DI MILLESIMO CAMERANA	2015-09-16 00:00:00	Bormida di Millesimo	Camerana	\N
004035700	Q_MAX	P	BORMIDA DI MILLESIMO CAMERANA	2015-09-16 00:00:00	Bormida di Millesimo	Camerana	\N
004035700	PORTATA	P	BORMIDA DI MILLESIMO CAMERANA	2015-09-16 00:00:00	\N	\N	\N
004042900	IDRO	P	PO CARDE'	2015-09-16 00:00:00	\N	\N	\N
004042900	PORTATA	P	PO CARDE'	2015-09-16 00:00:00	\N	\N	\N
004043700	IDRO	P	PESIO CARRU'	2015-09-16 00:00:00	\N	\N	\N
004043700	PORTATA	P	PESIO CARRU'	2015-09-16 00:00:00	\N	\N	\N
004047900	PORTATA	P	VARAITA CASTELDELFINO	2015-09-16 00:00:00	\N	\N	\N
004047900	IDRO	P	VARAITA CASTELDELFINO	2015-09-16 00:00:00	\N	\N	\N
004067200	SWE	R	TANARO CHERASCO	2015-09-16 00:00:00	\N	\N	\N
001309900	SRI	P	CHISOLA VINOVO	2021-07-30 15:27:01	Chisola	Vinovo	\N
004067200	PLUV	R	TANARO CHERASCO	2015-09-16 00:00:00	\N	\N	\N
004068901	PORTATA	P	PESIO SAN BARTOLOMEO	2016-02-03 12:51:25	\N	\N	\N
004068901	H_MIN	P	PESIO SAN BARTOLOMEO	2016-02-03 12:51:31	\N	\N	\N
004068901	H_MED	P	PESIO SAN BARTOLOMEO	2016-02-03 12:51:35	\N	\N	\N
004068901	H_MAX	P	PESIO SAN BARTOLOMEO	2016-02-03 12:51:38	\N	\N	\N
004068901	Q_MAX	P	PESIO SAN BARTOLOMEO	2016-02-03 12:51:41	\N	\N	\N
004068901	Q_MIN	P	PESIO SAN BARTOLOMEO	2016-02-03 12:51:49	\N	\N	\N
004079900	H_MIN	P	STURA DI DEMONTE GAIOLA	2015-09-16 00:00:00	Stura di Demonte	Gaiola	\N
004079900	H_MAX	P	STURA DI DEMONTE GAIOLA	2015-09-16 00:00:00	Stura di Demonte	Gaiola	\N
004079900	H_MED	P	STURA DI DEMONTE GAIOLA	2015-09-16 00:00:00	Stura di Demonte	Gaiola	\N
004079900	Q_MIN	P	STURA DI DEMONTE GAIOLA	2015-09-16 00:00:00	Stura di Demonte	Gaiola	\N
004079900	Q_MAX	P	STURA DI DEMONTE GAIOLA	2015-09-16 00:00:00	Stura di Demonte	Gaiola	\N
004079900	PORTATA	P	STURA DI DEMONTE GAIOLA	2015-09-16 00:00:00	\N	\N	\N
004079900	IDRO	P	STURA DI DEMONTE GAIOLA	2015-09-16 00:00:00	\N	\N	\N
004081900	IDRO	P	REA DOGLIANI	2015-09-16 00:00:00	\N	\N	\N
004081900	PORTATA	P	REA DOGLIANI	2015-09-16 00:00:00	\N	\N	\N
004082700	PORTATA	P	MAIRA_A_DRONERO	2015-09-16 00:00:00	\N	\N	\N
004086900	H_MIN	P	TANARO FARIGLIANO	2015-09-16 00:00:00	Tanaro	Farigliano	\N
004086900	H_MAX	P	TANARO FARIGLIANO	2015-09-16 00:00:00	Tanaro	Farigliano	\N
004086900	H_MED	P	TANARO FARIGLIANO	2015-09-16 00:00:00	Tanaro	Farigliano	\N
004086900	Q_MIN	P	TANARO FARIGLIANO	2015-09-16 00:00:00	Tanaro	Farigliano	\N
004086900	Q_MAX	P	TANARO FARIGLIANO	2015-09-16 00:00:00	Tanaro	Farigliano	\N
004086900	PORTATA	P	TANARO FARIGLIANO	2015-09-16 00:00:00	\N	\N	\N
004086900	IDRO	P	TANARO FARIGLIANO	2015-09-16 00:00:00	\N	\N	\N
004089901	SWE	R	STURA DI DEMONTE FOSSANO	2015-09-16 00:00:00	\N	\N	\N
004089901	H_MIN	P	STURA DI DEMONTE FOSSANO	2015-09-16 00:00:00	Stura di Demonte	Fossano	\N
004089901	H_MAX	P	STURA DI DEMONTE FOSSANO	2015-09-16 00:00:00	Stura di Demonte	Fossano	\N
004089901	H_MED	P	STURA DI DEMONTE FOSSANO	2015-09-16 00:00:00	Stura di Demonte	Fossano	\N
004089901	Q_MIN	P	STURA DI DEMONTE FOSSANO	2015-09-16 00:00:00	Stura di Demonte	Fossano	\N
004089901	Q_MAX	P	STURA DI DEMONTE FOSSANO	2015-09-16 00:00:00	Stura di Demonte	Fossano	\N
003100900	SRI	P	AGOGNA MOMO	2021-08-09 16:31:49	\N	\N	\N
004089901	PLUV	R	STURA DI DEMONTE FOSSANO	2015-09-16 00:00:00	\N	\N	\N
004089901	PORTATA	P	STURA DI DEMONTE FOSSANO	2015-09-16 00:00:00	\N	\N	\N
004089901	IDRO	P	STURA DI DEMONTE FOSSANO	2015-09-16 00:00:00	\N	\N	\N
004095900	PORTATA	P	TANARO GARESSIO	2015-09-16 00:00:00	\N	\N	\N
004095900	IDRO	P	TANARO GARESSIO	2015-09-16 00:00:00	\N	\N	\N
004108900	PORTATA	P	TANARO PIANTORRE	2015-09-16 00:00:00	\N	\N	\N
004108900	IDRO	P	TANARO PIANTORRE	2015-09-16 00:00:00	\N	\N	\N
004125900	PORTATA	P	MONGIA MOMBASIGLIO	2015-09-16 00:00:00	\N	\N	\N
012077900	PORTATA	P	TICINO CASTELLETTO MIORINA	2017-11-15 12:42:17	\N	\N	\N
004130700	Q_MIN	P	ELLERO MONDOVI'	2015-09-16 00:00:00	Ellero	Mondovì	\N
004130700	PORTATA	P	ELLERO MONDOVI'	2015-09-16 00:00:00	\N	\N	\N
004130700	H_MAX	P	ELLERO MONDOVI'	2015-09-16 00:00:00	Ellero	Mondovì	\N
004130700	IDRO	P	ELLERO MONDOVI'	2015-09-16 00:00:00	\N	\N	\N
004130700	H_MIN	P	ELLERO MONDOVI'	2015-09-16 00:00:00	Ellero	Mondovì	\N
004130700	H_MED	P	ELLERO MONDOVI'	2015-09-16 00:00:00	Ellero	Mondovì	\N
004130700	Q_MAX	P	ELLERO MONDOVI'	2015-09-16 00:00:00	Ellero	Mondovì	\N
004139700	PORTATA	P	GRANA MONTEROSSO	2015-09-16 00:00:00	\N	\N	\N
004139700	IDRO	P	GRANA MONTEROSSO	2015-09-16 00:00:00	\N	\N	\N
004139700	H_MIN	P	GRANA MONTEROSSO	2015-09-16 00:00:00	Grana	Monterosso	\N
004139700	H_MAX	P	GRANA MONTEROSSO	2015-09-16 00:00:00	Grana	Monterosso	\N
004139700	H_MED	P	GRANA MONTEROSSO	2015-09-16 00:00:00	Grana	Monterosso	\N
004139700	Q_MIN	P	GRANA MONTEROSSO	2015-09-16 00:00:00	Grana	Monterosso	\N
004139700	Q_MAX	P	GRANA MONTEROSSO	2015-09-16 00:00:00	Grana	Monterosso	\N
004143200	SWE	R	PO MORETTA	2015-09-16 00:00:00	\N	\N	\N
004143200	PLUV	R	PO MORETTA	2015-09-16 00:00:00	\N	\N	\N
004155901	H_MIN	P	TANARO PONTE DI NAVA	2015-09-16 00:00:00	\N	\N	\N
004155901	H_MAX	P	TANARO PONTE DI NAVA	2015-09-16 00:00:00	\N	\N	\N
004155901	H_MED	P	TANARO PONTE DI NAVA	2015-09-16 00:00:00	\N	\N	\N
004155901	Q_MIN	P	TANARO PONTE DI NAVA	2015-09-16 00:00:00	\N	\N	\N
004155901	Q_MAX	P	TANARO PONTE DI NAVA	2015-09-16 00:00:00	\N	\N	\N
004155901	PORTATA	P	TANARO PONTE DI NAVA	2015-09-16 00:00:00	\N	\N	\N
004155901	IDRO	P	TANARO PONTE DI NAVA	2015-09-16 00:00:00	\N	\N	\N
004171700	H_MAX	P	VARAITA POLONGHERA	2015-09-16 00:00:00	Varaita	Polonghera	\N
004171700	SWE	R	VARAITA POLONGHERA	2015-09-16 00:00:00	\N	\N	\N
241000015	SRI	P	TICINO BELLINZONA	2021-09-30 10:28:35	Ticino	Bellinzona	\N
004171700	Q_MIN	P	VARAITA POLONGHERA	2015-09-16 00:00:00	Varaita	Polonghera	\N
004171700	Q_MAX	P	VARAITA POLONGHERA	2015-09-16 00:00:00	Varaita	Polonghera	\N
004171700	PLUV	R	VARAITA POLONGHERA	2015-09-16 00:00:00	\N	\N	\N
004171700	H_MED	P	VARAITA POLONGHERA	2015-09-16 00:00:00	Varaita	Polonghera	\N
004171700	PORTATA	P	VARAITA POLONGHERA	2015-09-16 00:00:00	\N	\N	\N
004171700	IDRO	P	VARAITA POLONGHERA	2015-09-16 00:00:00	\N	\N	\N
004171700	H_MIN	P	VARAITA POLONGHERA	2015-09-16 00:00:00	Varaita	Polonghera	\N
004179700	PORTATA	P	MAIRA RACCONIGI	2015-09-16 00:00:00	\N	\N	\N
004179700	SWE	R	MAIRA RACCONIGI	2015-09-16 00:00:00	\N	\N	\N
004179700	H_MIN	P	MAIRA RACCONIGI	2015-09-16 00:00:00	Maira	Racconigi	\N
004179700	H_MAX	P	MAIRA RACCONIGI	2015-09-16 00:00:00	Maira	Racconigi	\N
004179700	H_MED	P	MAIRA RACCONIGI	2015-09-16 00:00:00	Maira	Racconigi	\N
004179700	Q_MIN	P	MAIRA RACCONIGI	2015-09-16 00:00:00	Maira	Racconigi	\N
004179700	Q_MAX	P	MAIRA RACCONIGI	2015-09-16 00:00:00	Maira	Racconigi	\N
004179700	PLUV	R	MAIRA RACCONIGI	2015-09-16 00:00:00	\N	\N	\N
001066900	Q_MED	P	ORCO SPINETO (TO)	2021-10-06 13:57:12	Orco	Spineto	\N
004179700	IDRO	P	MAIRA RACCONIGI	2015-09-16 00:00:00	\N	\N	\N
004180900	PORTATA	P	GHIANDONE REVELLO	2015-09-16 00:00:00	\N	\N	\N
004180900	IDRO	P	STAFFARDA GHIANDONE	2015-09-16 00:00:00	\N	\N	\N
004185900	PORTATA	P	VERMENAGNA ROBILANTE	2015-09-16 00:00:00	\N	\N	\N
004190902	PORTATA	P	ELLERO ROCCAFORTE MONDOVI'	2015-09-16 00:00:00	\N	\N	\N
004193900	IDRO	P	BELBO ROCCHETTA BELBO	2015-09-16 00:00:00	\N	\N	\N
004193900	PORTATA	P	BELBO ROCCHETTA BELBO	2015-09-16 00:00:00	\N	\N	\N
004197900	H_MAX	P	VARAITA ROSSANA	2015-09-16 00:00:00	Varaita	Rossana	\N
004197900	H_MED	P	VARAITA ROSSANA	2015-09-16 00:00:00	Varaita	Rossana	\N
004197900	H_MIN	P	VARAITA ROSSANA	2015-09-16 00:00:00	Varaita	Rossana	\N
004197900	Q_MAX	P	VARAITA ROSSANA	2015-09-16 00:00:00	Varaita	Rossana	\N
004197900	Q_MIN	P	VARAITA ROSSANA	2015-09-16 00:00:00	Varaita	Rossana	\N
004197900	PORTATA	P	VARAITA ROSSANA	2015-09-16 00:00:00	\N	\N	\N
004197900	IDRO	P	VARAITA ROSSANA	2015-09-16 00:00:00	\N	\N	\N
004210900	PORTATA	P	CORSAGLIA TORRE MONDOVI'	2015-09-16 00:00:00	\N	\N	\N
004215901	PORTATA	P	GRANA SAVIGLIANO	2015-09-16 00:00:00	\N	\N	\N
004215901	IDRO	P	GRANA SAVIGLIANO	2015-09-16 00:00:00	\N	\N	\N
004224900	PORTATA	P	MAIRA STROPPO	2015-09-16 00:00:00	\N	\N	\N
004224900	IDRO	P	MAIRA STROPPO	2015-09-16 00:00:00	\N	\N	\N
004248903	PORTATA	P	STURA DI DEMONTE VINADIO	2015-09-16 00:00:00	\N	\N	\N
004248903	IDRO	P	STURA DI DEMONTE VINADIO	2015-09-16 00:00:00	\N	\N	\N
005005900	PORTATA	P	TANARO ASTI	2015-09-16 00:00:00	\N	\N	\N
005005900	IDRO	P	TANARO ASTI	2015-09-16 00:00:00	\N	\N	\N
005029900	IDRO	P	BELBO CASTELNUOVO	2015-09-16 00:00:00	\N	\N	\N
005029900	Q_MAX	P	BELBO CASTELNUOVO	2015-09-16 00:00:00	Belbo	Castelnuovo	\N
005029900	H_MIN	P	BELBO CASTELNUOVO	2015-09-16 00:00:00	Belbo	Castelnuovo	\N
005029900	H_MAX	P	BELBO CASTELNUOVO	2015-09-16 00:00:00	Belbo	Castelnuovo	\N
005029900	Q_MIN	P	BELBO CASTELNUOVO	2015-09-16 00:00:00	Belbo	Castelnuovo	\N
005029900	H_MED	P	BELBO CASTELNUOVO	2015-09-16 00:00:00	Belbo	Castelnuovo	\N
005029900	PORTATA	P	BELBO CASTELNUOVO	2015-09-16 00:00:00	\N	\N	\N
005037700	IDRO	P	BORMIDA DI MILLESIMO CESSOLE	2015-09-16 00:00:00	\N	\N	\N
005037700	PORTATA	P	BORMIDA DI MILLESIMO CESSOLE	2015-09-16 00:00:00	\N	\N	\N
005064700	IDRO	P	BORMIDA DI SPIGNO MOMBALDONE	2015-09-16 00:00:00	\N	\N	\N
005064700	H_MIN	P	BORMIDA DI SPIGNO MOMBALDONE	2015-09-16 00:00:00	Bormida di Spigno	Mombaldone	\N
005064700	H_MAX	P	BORMIDA DI SPIGNO MOMBALDONE	2015-09-16 00:00:00	Bormida di Spigno	Mombaldone	\N
005064700	PORTATA	P	BORMIDA DI SPIGNO MOMBALDONE	2015-09-16 00:00:00	\N	\N	\N
005064700	H_MED	P	BORMIDA DI SPIGNO MOMBALDONE	2015-09-16 00:00:00	Bormida di Spigno	Mombaldone	\N
005064700	Q_MIN	P	BORMIDA DI SPIGNO MOMBALDONE	2015-09-16 00:00:00	Bormida di Spigno	Mombaldone	\N
005064700	Q_MAX	P	BORMIDA DI SPIGNO MOMBALDONE	2015-09-16 00:00:00	Bormida di Spigno	Mombaldone	\N
005097900	IDRO	P	BORBORE SAN DAMIANO	2015-09-16 00:00:00	\N	\N	\N
005097900	PORTATA	P	BORBORE SAN DAMIANO	2015-09-16 00:00:00	\N	\N	\N
006003901	IDRO	P	BORMIDA ALESSANDRIA	2015-09-16 00:00:00	\N	\N	\N
006003901	H_MAX	P	BORMIDA ALESSANDRIA	2015-09-16 00:00:00	\N	\N	\N
006003901	H_MED	P	BORMIDA ALESSANDRIA	2015-09-16 00:00:00	\N	\N	\N
006003901	Q_MIN	P	BORMIDA ALESSANDRIA	2015-09-16 00:00:00	\N	\N	\N
006003901	PLUV	R	BORMIDA ALESSANDRIA	2015-09-16 00:00:00	\N	\N	\N
006003901	Q_MAX	P	BORMIDA ALESSANDRIA	2015-09-16 00:00:00	\N	\N	\N
006003901	H_MIN	P	BORMIDA ALESSANDRIA	2015-09-16 00:00:00	\N	\N	\N
006003901	PORTATA	P	BORMIDA ALESSANDRIA	2015-09-16 00:00:00	\N	\N	\N
006003901	SWE	R	BORMIDA ALESSANDRIA	2015-09-16 00:00:00	\N	\N	\N
006009700	IDRO	P	SCRIVIA ARQUATA Q A	2015-09-16 00:00:00	\N	\N	\N
006009700	PORTATA	P	SCRIVIA ARQUATA Q A	2015-09-16 00:00:00	\N	\N	\N
006018900	IDRO	P	BORBERA BORGHETTO DI BORBERA	2015-09-16 00:00:00	\N	\N	\N
006018900	PORTATA	P	BORBERA BORGHETTO DI BORBERA	2015-09-16 00:00:00	\N	\N	\N
006036900	IDRO	P	ERRO CARTOSIO	2015-09-16 00:00:00	\N	\N	\N
006036900	Q_MIN	P	ERRO CARTOSIO	2015-09-16 00:00:00	\N	\N	\N
006036900	H_MED	P	ERRO CARTOSIO	2015-09-16 00:00:00	\N	\N	\N
006036900	H_MIN	P	ERRO CARTOSIO	2015-09-16 00:00:00	\N	\N	\N
006036900	PORTATA	P	ERRO CARTOSIO	2015-09-16 00:00:00	\N	\N	\N
006036900	H_MAX	P	ERRO CARTOSIO	2015-09-16 00:00:00	\N	\N	\N
006036900	Q_MAX	P	ERRO CARTOSIO	2015-09-16 00:00:00	\N	\N	\N
006037900	SWE	R	ORBA CASAL CERMELLI	2015-09-16 00:00:00	\N	\N	\N
006037900	IDRO	P	ORBA CASAL CERMELLI	2015-09-16 00:00:00	\N	\N	\N
006037900	PORTATA	P	ORBA CASAL CERMELLI	2015-09-16 00:00:00	\N	\N	\N
001109900	Q_MED	P	MALONE FRONT (TO)	2021-10-06 13:58:54	Malone	Front	\N
006037900	PLUV	R	ORBA CASAL CERMELLI	2015-09-16 00:00:00	\N	\N	\N
006039901	Q_MAX	P	PO CASALE MONFERRATO	2015-09-16 00:00:00	Po	Casale Monferrato	\N
006039901	H_MAX	P	PO CASALE MONFERRATO	2015-09-16 00:00:00	Po	Casale Monferrato	\N
006039901	IDRO	P	PO CASALE MONFERRATO	2015-09-16 00:00:00	\N	\N	\N
006039901	PORTATA	P	PO CASALE MONFERRATO	2015-09-16 00:00:00	\N	\N	\N
006039901	H_MED	P	PO CASALE MONFERRATO	2015-09-16 00:00:00	Po	Casale Monferrato	\N
006039901	Q_MIN	P	PO CASALE MONFERRATO	2015-09-16 00:00:00	Po	Casale Monferrato	\N
006039901	H_MIN	P	PO CASALE MONFERRATO	2015-09-16 00:00:00	Po	Casale Monferrato	\N
006043700	PORTATA	P	BORMIDA CASSINE Q A	2015-09-16 00:00:00	\N	\N	\N
006043900	IDRO	P	BORMIDA CASSINE	2015-09-16 00:00:00	\N	\N	\N
006043900	H_MAX	P	BORMIDA CASSINE	2015-09-16 00:00:00	Bormida	Cassine	\N
006043900	Q_MIN	P	BORMIDA CASSINE	2015-09-16 00:00:00	Bormida	Cassine	\N
006043900	H_MIN	P	BORMIDA CASSINE	2015-09-16 00:00:00	Bormida	Cassine	\N
006043900	H_MED	P	BORMIDA CASSINE	2015-09-16 00:00:00	Bormida	Cassine	\N
006043900	Q_MAX	P	BORMIDA CASSINE	2015-09-16 00:00:00	Bormida	Cassine	\N
006043900	PORTATA	P	BORMIDA CASSINE	2015-09-16 00:00:00	\N	\N	\N
006086700	IDRO	P	SCRIVIA GUAZZORA Q A	2015-09-16 00:00:00	\N	\N	\N
006086700	PORTATA	P	SCRIVIA GUAZZORA Q A	2015-09-16 00:00:00	\N	\N	\N
006087700	H_MED	P	PO ISOLA S. ANTONIO	2015-09-16 00:00:00	Po	Isola S. Antonio	\N
006087700	IDRO	P	PO ISOLA S. ANTONIO	2015-09-16 00:00:00	\N	\N	\N
006087700	H_MIN	P	PO ISOLA S. ANTONIO	2015-09-16 00:00:00	Po	Isola S. Antonio	\N
006087700	H_MAX	P	PO ISOLA S. ANTONIO	2015-09-16 00:00:00	Po	Isola S. Antonio	\N
006087700	Q_MIN	P	PO ISOLA S. ANTONIO	2015-09-16 00:00:00	Po	Isola S. Antonio	\N
006087700	Q_MAX	P	PO ISOLA S. ANTONIO	2015-09-16 00:00:00	Po	Isola S. Antonio	\N
006087700	PORTATA	P	PO ISOLA S. ANTONIO	2015-09-16 00:00:00	\N	\N	\N
006091900	PORTATA	P	TANARO MASIO	2015-09-16 00:00:00	\N	\N	\N
006091900	IDRO	P	TANARO MASIO	2015-09-16 00:00:00	\N	\N	\N
006101900	IDRO	P	CURONE VOLPEDO	2015-09-16 00:00:00	\N	\N	\N
006101900	PORTATA	P	CURONE VOLPEDO	2015-09-16 00:00:00	\N	\N	\N
006105700	H_MIN	P	TANARO MONTECASTELLO	2015-09-16 00:00:00	Tanaro	Montecastello	\N
006105700	PLUV	R	TANARO MONTECASTELLO	2015-09-16 00:00:00	\N	\N	\N
006105700	H_MAX	P	TANARO MONTECASTELLO	2015-09-16 00:00:00	Tanaro	Montecastello	\N
006105700	Q_MIN	P	TANARO MONTECASTELLO	2015-09-16 00:00:00	Tanaro	Montecastello	\N
006105700	Q_MAX	P	TANARO MONTECASTELLO	2015-09-16 00:00:00	Tanaro	Montecastello	\N
006105700	H_MED	P	TANARO MONTECASTELLO	2015-09-16 00:00:00	Tanaro	Montecastello	\N
006105700	PLUV_CUM	R	TANARO MONTECASTELLO	2015-09-16 00:00:00	\N	\N	\N
006105700	PORTATA	P	TANARO MONTECASTELLO	2015-09-16 00:00:00	\N	\N	\N
006105700	IDRO	P	TANARO MONTECASTELLO	2015-09-16 00:00:00	\N	\N	\N
006105700	SWE	R	TANARO MONTECASTELLO	2015-09-16 00:00:00	\N	\N	\N
006160700	IDRO	P	SCRIVIA SERRAVALLE Q A	2015-09-16 00:00:00	\N	\N	\N
006160700	PORTATA	P	SCRIVIA SERRAVALLE Q A	2015-09-16 00:00:00	\N	\N	\N
006160900	Q_MIN	P	SCRIVIA SERRAVALLE	2015-09-16 00:00:00	Scrivia	Serravalle	\N
006160900	Q_MAX	P	SCRIVIA SERRAVALLE	2015-09-16 00:00:00	Scrivia	Serravalle	\N
006160900	H_MIN	P	SCRIVIA SERRAVALLE	2015-09-16 00:00:00	Scrivia	Serravalle	\N
006160900	H_MAX	P	SCRIVIA SERRAVALLE	2015-09-16 00:00:00	Scrivia	Serravalle	\N
006160900	IDRO	P	SCRIVIA SERRAVALLE	2015-09-16 00:00:00	\N	\N	\N
006160900	H_MED	P	SCRIVIA SERRAVALLE	2015-09-16 00:00:00	Scrivia	Serravalle	\N
006160900	PORTATA	P	SCRIVIA SERRAVALLE	2015-09-16 00:00:00	\N	\N	\N
006177900	IDRO	P	PO VALENZA	2015-09-16 00:00:00	\N	\N	\N
006177900	PORTATA	P	PO VALENZA	2015-09-16 00:00:00	\N	\N	\N
009040900	PORTATA	P	BORMIDA DI MILLESIMO MURIALDO	2015-09-16 00:00:00	\N	\N	\N
009040900	IDRO	P	BORMIDA DI MILLESIMO MURIALDO	2015-09-16 00:00:00	\N	\N	\N
009048900	H_MIN	P	BORMIDA PIANA CRIXIA	2015-09-16 00:00:00	Bormida di Spigno	Piana Crixia	\N
009048900	H_MED	P	BORMIDA PIANA CRIXIA	2015-09-16 00:00:00	Bormida di Spigno	Piana Crixia	\N
009048900	Q_MAX	P	BORMIDA PIANA CRIXIA	2015-09-16 00:00:00	Bormida di Spigno	Piana Crixia	\N
009048900	Q_MIN	P	BORMIDA PIANA CRIXIA	2015-09-16 00:00:00	Bormida di Spigno	Piana Crixia	\N
009048900	H_MAX	P	BORMIDA PIANA CRIXIA	2015-09-16 00:00:00	Bormida di Spigno	Piana Crixia	\N
009048900	PORTATA	P	BORMIDA PIANA CRIXIA	2015-09-16 00:00:00	\N	\N	\N
009048900	IDRO	P	BORMIDA PIANA CRIXIA	2015-09-16 00:00:00	\N	\N	\N
010027900	IDRO	P	VOBBIA ISOLA DEL CANTONE	2015-09-16 00:00:00	\N	\N	\N
010027900	PORTATA	P	VOBBIA ISOLA DEL CANTONE	2015-09-16 00:00:00	\N	\N	\N
010061900	IDRO	P	ORBA TIGLIETO	2015-09-16 00:00:00	\N	\N	\N
010061900	PORTATA	P	ORBA TIGLIETO	2015-09-16 00:00:00	\N	\N	\N
012077900	PLUV_CUM	R	TICINO CASTELLETTO MIORINA	2015-09-16 00:00:00	\N	\N	\N
012077900	SWE	R	TICINO CASTELLETTO MIORINA	2015-09-16 00:00:00	\N	\N	\N
012077900	PLUV	R	TICINO CASTELLETTO MIORINA	2015-09-16 00:00:00	\N	\N	\N
012120900	PORTATA	P	MIORINA	2015-09-16 00:00:00	\N	\N	\N
018033900	IDRO	P	PO CASEI GEROLA	2015-09-16 00:00:00	\N	\N	\N
018033900	PORTATA	P	PO CASEI GEROLA	2015-09-16 00:00:00	\N	\N	\N
018081900	PLUV	R	PO LINAROLO PONTEBECCA	2015-09-16 00:00:00	\N	\N	\N
018081900	IDRO	P	PO LINAROLO PONTEBECCA	2015-09-16 00:00:00	\N	\N	\N
018081900	PLUV_CUM	R	PO LINAROLO PONTEBECCA	2015-09-16 00:00:00	\N	\N	\N
018081900	SWE	R	PO LINAROLO PONTEBECCA	2015-09-16 00:00:00	\N	\N	\N
018081900	PORTATA	P	PO LINAROLO PONTEBECCA	2015-09-16 00:00:00	\N	\N	\N
018083900	PORTATA	P	AGOGNA LOMELLO	2015-09-16 00:00:00	\N	\N	\N
018107700	H_MIN	P	SESIA PALESTRO	2015-09-16 00:00:00	Sesia	Palestro	\N
018107700	Q_MIN	P	SESIA PALESTRO	2015-09-16 00:00:00	Sesia	Palestro	\N
018107700	Q_MAX	P	SESIA PALESTRO	2015-09-16 00:00:00	Sesia	Palestro	\N
018107700	H_MED	P	SESIA PALESTRO	2015-09-16 00:00:00	Sesia	Palestro	\N
018107700	H_MAX	P	SESIA PALESTRO	2015-09-16 00:00:00	Sesia	Palestro	\N
018107700	PORTATA	P	SESIA PALESTRO	2015-09-16 00:00:00	\N	\N	\N
018107700	IDRO	P	SESIA PALESTRO	2015-09-16 00:00:00	\N	\N	\N
018110900	PORTATA	P	TICINO PAVIA	2015-09-16 00:00:00	\N	\N	\N
241000015	PORTATA	P	TICINO BELLINZONA	2015-09-16 00:00:00	\N	\N	\N
241000016	PORTATA	P	MAGGIA SOLDUNO	2015-09-16 00:00:00	\N	\N	\N
004034900	H_MIN	P	MAIRA BUSCA	2016-02-01 00:00:00	Maira	Busca	\N
004034900	H_MAX	P	MAIRA BUSCA	2016-02-01 00:00:00	Maira	Busca	\N
004034900	H_MED	P	MAIRA BUSCA	2016-02-01 00:00:00	Maira	Busca	\N
004034900	Q_MIN	P	MAIRA BUSCA	2016-02-01 00:00:00	Maira	Busca	\N
004034900	Q_MAX	P	MAIRA BUSCA	2016-02-01 00:00:00	Maira	Busca	\N
004233901	PORTATA	P	GESSO ANDONNO	2016-02-01 00:00:00	\N	\N	\N
004233901	IDRO	P	GESSO ANDONNO	2016-02-01 00:00:00	\N	\N	\N
004233901	H_MIN	P	GESSO ANDONNO	2016-02-01 00:00:00	Gesso	Andonno	\N
004233901	H_MAX	P	GESSO ANDONNO	2016-02-01 00:00:00	Gesso	Andonno	\N
004233901	H_MED	P	GESSO ANDONNO	2016-02-01 00:00:00	Gesso	Andonno	\N
004233901	Q_MIN	P	GESSO ANDONNO	2016-02-01 00:00:00	Gesso	Andonno	\N
004233901	Q_MAX	P	GESSO ANDONNO	2016-02-01 00:00:00	Gesso	Andonno	\N
001272909	PORTATA	P	SANGONE TORINO	2016-02-01 00:00:00	\N	\N	\N
001272909	IDRO	P	SANGONE TORINO	2016-02-01 00:00:00	\N	\N	\N
001272909	H_MIN	P	SANGONE TORINO	2016-02-01 00:00:00	Sangone	Torino	\N
001272909	H_MAX	P	SANGONE TORINO	2016-02-01 00:00:00	Sangone	Torino	\N
001272909	H_MED	P	SANGONE TORINO	2016-02-01 00:00:00	Sangone	Torino	\N
001272909	Q_MIN	P	SANGONE TORINO	2016-02-01 00:00:00	Sangone	Torino	\N
001272909	Q_MAX	P	SANGONE TORINO	2016-02-01 00:00:00	Sangone	Torino	\N
001066900	H_MIN	P	ORCO SPINETO	2016-02-01 00:00:00	Orco	Spineto	\N
001066900	H_MAX	P	ORCO SPINETO	2016-02-01 00:00:00	Orco	Spineto	\N
001066900	H_MED	P	ORCO SPINETO	2016-02-01 00:00:00	Orco	Spineto	\N
001066900	Q_MIN	P	ORCO SPINETO	2016-02-01 00:00:00	Orco	Spineto	\N
001066900	Q_MAX	P	ORCO SPINETO	2016-02-01 00:00:00	Orco	Spineto	\N
001179900	H_MIN	P	CHIUSELLA PARELLA	2016-02-01 00:00:00	Chiusella	Parella	\N
001179900	H_MAX	P	CHIUSELLA PARELLA	2016-02-01 00:00:00	Chiusella	Parella	\N
001179900	H_MED	P	CHIUSELLA PARELLA	2016-02-01 00:00:00	Chiusella	Parella	\N
001179900	Q_MIN	P	CHIUSELLA PARELLA	2016-02-01 00:00:00	Chiusella	Parella	\N
001179900	Q_MAX	P	CHIUSELLA PARELLA	2016-02-01 00:00:00	Chiusella	Parella	\N
002016900	H_MIN	P	SESIA BORGOSESIA	2016-02-01 00:00:00	Sesia	Borgosesia	\N
002016900	H_MAX	P	SESIA BORGOSESIA	2016-02-01 00:00:00	Sesia	Borgosesia	\N
002016900	H_MED	P	SESIA BORGOSESIA	2016-02-01 00:00:00	Sesia	Borgosesia	\N
002016900	Q_MIN	P	SESIA BORGOSESIA	2016-02-01 00:00:00	Sesia	Borgosesia	\N
002016900	Q_MAX	P	SESIA BORGOSESIA	2016-02-01 00:00:00	Sesia	Borgosesia	\N
004185900	IDRO	P	VERMENAGNA ROBILANTE	2016-02-01 00:00:00	\N	\N	\N
004185900	H_MIN	P	VERMENAGNA ROBILANTE	2016-02-01 00:00:00	Vermenagna	Robilante	\N
004185900	H_MAX	P	VERMENAGNA ROBILANTE	2016-02-01 00:00:00	Vermenagna	Robilante	\N
004185900	H_MED	P	VERMENAGNA ROBILANTE	2016-02-01 00:00:00	Vermenagna	Robilante	\N
004185900	Q_MIN	P	VERMENAGNA ROBILANTE	2016-02-01 00:00:00	Vermenagna	Robilante	\N
004185900	Q_MAX	P	VERMENAGNA ROBILANTE	2016-02-01 00:00:00	Vermenagna	Robilante	\N
004043700	H_MIN	P	PESIO CARRU'	2016-02-01 00:00:00	Pesio	Carru'	\N
004043700	H_MAX	P	PESIO CARRU'	2016-02-01 00:00:00	Pesio	Carru'	\N
004043700	H_MED	P	PESIO CARRU'	2016-02-01 00:00:00	Pesio	Carru'	\N
004043700	Q_MIN	P	PESIO CARRU'	2016-02-01 00:00:00	Pesio	Carru'	\N
004043700	Q_MAX	P	PESIO CARRU'	2016-02-01 00:00:00	Pesio	Carru'	\N
006177900	H_MIN	P	PO VALENZA	2016-02-01 00:00:00	Po	Valenza	\N
006177900	H_MAX	P	PO VALENZA	2016-02-01 00:00:00	Po	Valenza	\N
006177900	H_MED	P	PO VALENZA	2016-02-01 00:00:00	Po	Valenza	\N
006177900	Q_MIN	P	PO VALENZA	2016-02-01 00:00:00	Po	Valenza	\N
006177900	Q_MAX	P	PO VALENZA	2016-02-01 00:00:00	Po	Valenza	\N
001300900	PORTATA	P	PO VILLAFRANCA PIEMONTE	2016-02-01 00:00:00	\N	\N	\N
001300900	IDRO	P	PO VILLAFRANCA PIEMONTE	2016-02-01 00:00:00	\N	\N	\N
001300900	H_MIN	P	PO VILLAFRANCA PIEMONTE	2016-02-01 00:00:00	Po	Villafranca Piemonte	\N
001300900	H_MAX	P	PO VILLAFRANCA PIEMONTE	2016-02-01 00:00:00	Po	Villafranca Piemonte	\N
001300900	H_MED	P	PO VILLAFRANCA PIEMONTE	2016-02-01 00:00:00	Po	Villafranca Piemonte	\N
001300900	Q_MIN	P	PO VILLAFRANCA PIEMONTE	2016-02-01 00:00:00	Po	Villafranca Piemonte	\N
001300900	Q_MAX	P	PO VILLAFRANCA PIEMONTE	2016-02-01 00:00:00	Po	Villafranca Piemonte	\N
006012700	PORTATA	P	ORBA BASALUZZO	2016-02-01 00:00:00	\N	\N	\N
006012700	IDRO	P	ORBA BASALUZZO	2016-02-01 00:00:00	\N	\N	\N
006012700	H_MIN	P	ORBA BASALUZZO	2016-02-01 00:00:00	Orba	Basaluzzo	\N
006012700	H_MAX	P	ORBA BASALUZZO	2016-02-01 00:00:00	Orba	Basaluzzo	\N
006012700	H_MED	P	ORBA BASALUZZO	2016-02-01 00:00:00	Orba	Basaluzzo	\N
006012700	Q_MIN	P	ORBA BASALUZZO	2016-02-01 00:00:00	Orba	Basaluzzo	\N
006012700	Q_MAX	P	ORBA BASALUZZO	2016-02-01 00:00:00	Orba	Basaluzzo	\N
006003902	PORTATA	P	TANARO ALESSANDRIA	2016-02-01 00:00:00	\N	\N	\N
006003902	IDRO	P	TANARO ALESSANDRIA	2016-02-01 00:00:00	\N	\N	\N
006003902	H_MIN	P	TANARO ALESSANDRIA	2016-02-01 00:00:00	Tanaro	Alessandria	\N
006003902	H_MAX	P	TANARO ALESSANDRIA	2016-02-01 00:00:00	Tanaro	Alessandria	\N
006003902	H_MED	P	TANARO ALESSANDRIA	2016-02-01 00:00:00	Tanaro	Alessandria	\N
006003902	Q_MIN	P	TANARO ALESSANDRIA	2016-02-01 00:00:00	Tanaro	Alessandria	\N
006003902	Q_MAX	P	TANARO ALESSANDRIA	2016-02-01 00:00:00	Tanaro	Alessandria	\N
004134900	PORTATA	P	FRABOSA_SOPRANA_CORSAGLIA	2017-09-14 09:59:08	\N	\N	\N
004125900	IDRO	P	MOMBASIGLIO_MONGIA	2017-09-13 16:06:42	\N	\N	\N
004155902	PORTATA	P	PORNASSINO NEGRONE	2017-09-13 16:10:34	\N	\N	\N
004155902	IDRO	P	PORNASSINO NEGRONE	2017-09-13 16:10:59	\N	\N	\N
004035900	SRI	P	BORMIDA DI MILLESIMO CAMERANA	2018-01-16 12:59:49	\N	\N	\N
004134900	IDRO	P	FRABOSA_SOPRANA_CORSAGLIA	2017-09-14 10:00:25	\N	\N	\N
004127900	PORTATA	P	CASOTTO MONASTEROLO	2017-09-14 10:00:48	\N	\N	\N
004127900	IDRO	P	CASOTTO MONASTEROLO	2017-09-14 10:01:12	\N	\N	\N
004210900	IDRO	P	CORSAGLIA TORRE MONDOVI'	2017-09-14 10:01:49	\N	\N	\N
004068901	IDRO	P	PESIO SAN BARTOLOMEO	2017-09-14 10:02:20	\N	\N	\N
003110900	PORTATA	P	OMEGNA LAGO ORTA	2017-09-14 10:33:31	\N	\N	\N
003110900	IDRO	P	OMEGNA LAGO ORTA	2017-09-14 10:33:45	\N	\N	\N
001309900	Q_MAX	P	CHISOLA VINOVO	2017-09-21 09:54:02	Chisola	Vinovo	\N
004190902	IDRO	P	RASTELLO ELLERO	2017-09-14 10:34:34	\N	\N	\N
004035900	IDRO	P	BORMIDA DI MILLESIMO CAMERANA	2018-01-16 12:59:49	\N	\N	\N
004035900	H_MIN	P	BORMIDA DI MILLESIMO CAMERANA	2018-01-16 12:59:49	Bormida di Millesimo	Camerana	\N
004035900	H_MAX	P	BORMIDA DI MILLESIMO CAMERANA	2018-01-16 12:59:49	Bormida di Millesimo	Camerana	\N
004035900	H_MED	P	BORMIDA DI MILLESIMO CAMERANA	2018-01-16 12:59:49	Bormida di Millesimo	Camerana	\N
001272703	Q_MED	P	PO TORINO PONTE REGINA (TO)	2021-10-11 12:34:01	Po	Torino (C.so Regina)	\N
004035900	Q_MIN	P	BORMIDA DI MILLESIMO CAMERANA	2018-01-16 12:59:49	Bormida di Millesimo	Camerana	\N
001309900	Q_MIN	P	CHISOLA VINOVO	2017-09-21 09:54:50	Chisola	Vinovo	\N
004035900	Q_MAX	P	BORMIDA DI MILLESIMO CAMERANA	2018-01-16 12:59:49	Bormida di Millesimo	Camerana	\N
004035900	PORTATA	P	BORMIDA DI MILLESIMO CAMERANA	2018-01-16 12:59:49	\N	\N	\N
001309900	H_MAX	P	CHISOLA VINOVO	2017-09-21 09:55:08	Chisola	Vinovo	\N
006039901	SRI	P	CASALE MONFERRATO PO	2019-06-04 11:50:45	\N	\N	\N
001309900	H_MIN	P	CHISOLA VINOVO	2017-09-21 09:55:30	Chisola	Vinovo	\N
001128901	Q_MED	P	STURA DI LANZO LANZO (TO)	2021-10-06 13:58:54	Stura di Lanzo	Lanzo	\N
001309900	H_MED	P	CHISOLA VINOVO	2017-09-21 09:55:51	Chisola	Vinovo	\N
001156700	Q_MED	P	SANGONE MONCALIERI (TO)	2021-10-06 14:16:20	\N	\N	\N
001156901	Q_MED	P	PO MONCALIERI (TO)	2021-10-06 14:16:20	\N	\N	\N
001253700	PLUV_CUM	R	PO SAN SEBASTIANO DA PO	2019-06-25 10:50:54	\N	\N	\N
006037900	PLUV_CUM	R	ORBA CASAL CERMELLI	2019-06-25 10:53:44	\N	\N	\N
006003901	PLUV_CUM	R	BORMIDA ALESSANDRIA	2019-06-25 10:53:47	\N	\N	\N
004179700	PLUV_CUM	R	MAIRA RACCONIGI	2019-06-25 10:53:50	\N	\N	\N
004171700	PLUV_CUM	R	VARAITA POLONGHERA	2019-06-25 10:53:54	\N	\N	\N
004143200	PLUV_CUM	R	PO MORETTA	2019-06-25 10:53:58	\N	\N	\N
004089901	PLUV_CUM	R	STURA DI DEMONTE FOSSANO	2019-06-25 10:54:02	\N	\N	\N
004067200	PLUV_CUM	R	TANARO CHERASCO	2019-06-25 10:54:05	\N	\N	\N
003156200	PLUV_CUM	R	TOCE VERBANIA FONDO TOCE	2019-06-25 10:54:09	\N	\N	\N
002108700	PLUV_CUM	R	CERVO QUINTO VERCELLESE	2019-06-25 10:54:14	\N	\N	\N
002031200	PLUV_CUM	R	SESIA CARESANABLOT	2019-06-25 10:54:18	\N	\N	\N
001300700	PLUV_CUM	R	PELLICE VILLAFRANCA	2019-06-25 10:54:21	\N	\N	\N
001293700	PLUV_CUM	R	DORA BALTEA VEROLENGO	2019-06-25 10:54:24	\N	\N	\N
001272702	PLUV_CUM	R	STURA DI LANZO TORINO	2019-06-25 10:54:28	\N	\N	\N
001272701	PLUV_CUM	R	DORA RIPARIA TORINO	2019-06-25 10:54:31	\N	\N	\N
001236700	PLUV_CUM	R	ORCO SAN BENIGNO CANAVESE	2019-06-25 10:54:34	\N	\N	\N
000000207	PLUV_CUM	R	TICINO SVIZZERO	2019-06-25 10:54:37	\N	\N	\N
000000206	PLUV_CUM	R	AGOGNA TERDOPPIO	2019-06-25 10:54:41	\N	\N	\N
000000205	PLUV_CUM	R	SCRIVIA CURONE	2019-06-25 10:54:44	\N	\N	\N
000000204	PLUV_CUM	R	RESIDUO TANARO	2019-06-25 10:54:46	\N	\N	\N
000000203	PLUV_CUM	R	PO CONFLUENZA TANARO	2019-06-25 10:54:49	\N	\N	\N
000000202	PLUV_CUM	R	PO CONFLUENZA DORA BALTEA	2019-06-25 10:54:53	\N	\N	\N
000000201	PLUV_CUM	R	PO CONFLUENZA DORA RIPARIA	2019-06-25 10:54:56	\N	\N	\N
001175901	Q_MED	P	DORA RIPARIA OULX (TO)	2021-10-06 14:16:20	\N	\N	\N
001191901	Q_MED	P	CHISONE SAN MARTINO (TO)	2021-10-06 14:16:20	Chisone	San Martino	\N
001236700	Q_MED	P	ORCO SAN BENIGNO CANAVESE (TO)	2021-10-06 14:16:20	Orco	San Benigno	\N
001253700	Q_MED	P	PO SAN SEBASTIANO DA PO (TO)	2021-10-06 14:16:20	Po	San Sebastiano	\N
001257900	Q_MED	P	BANNA SANTENA (TO)	2021-10-06 14:16:20	Banna	Santena	\N
001270904	Q_MED	P	DORA RIPARIA SUSA VIA MAZZINI (TO)	2021-10-06 14:16:20	Dora Riparia	Susa (Via Mazzini)	\N
001271900	Q_MED	P	DORA BALTEA TAVAGNASCO (TO)	2021-10-06 14:16:20	Dora Baltea	Tavagnasco	\N
001272701	Q_MED	P	DORA RIPARIA TORINO (TO)	2021-10-06 14:16:20	Dora Riparia	Torino	\N
001272702	Q_MED	P	STURA DI LANZO TORINO (TO)	2021-10-06 14:16:20	Stura di Lanzo	Torino	\N
001293700	Q_MED	P	DORA BALTEA VEROLENGO (TO)	2021-10-06 14:16:20	Dora Baltea	Verolengo	\N
001300700	Q_MED	P	PELLICE VILLAFRANCA (TO)	2021-10-06 14:16:20	Pellice	Villafranca	\N
001300900	Q_MED	P	PO VILLAFRANCA PIEMONTE (CN)	2021-10-06 14:16:20	Po	Villafranca Piemonte	\N
001309900	Q_MED	P	CHISOLA VINOVO (TO)	2021-10-06 14:16:20	Chisola	Vinovo	\N
002016900	Q_MED	P	SESIA BORGOSESIA (VC)	2021-10-06 14:16:20	Sesia	Borgosesia	\N
002016901	Q_MED	P	SESIA BORGOSESIA ISOLELLA (VC)	2021-10-06 14:16:20	Sesia	Borgosesia	\N
002025900	Q_MED	P	SESIA CAMPERTOGNO (VC)	2021-10-06 14:16:20	\N	\N	\N
002032700	Q_MED	P	ELVO CARISIO (VC)	2021-10-06 14:16:20	Elvo	Carisio	\N
002108700	Q_MED	P	CERVO QUINTO VERCELLESE (VC)	2021-10-06 14:16:20	Cervo	Quinto Vercellese	\N
002124900	Q_MED	P	CERVO PASSOBREVE (BI)	2021-10-06 14:16:20	\N	\N	\N
002156700	Q_MED	P	MASTALLONE VARALLO (VC)	2021-10-06 14:16:20	\N	\N	\N
002160900	Q_MED	P	CERVO VIGLIANO (VC)	2021-10-06 14:16:20	Cervo	Vigliano	\N
003061902	Q_MED	P	TOCE DOMODOSSOLA (VB)	2021-10-06 14:16:20	\N	\N	\N
003096900	Q_MED	P	TOCE CANDOGLIA (VB)	2021-10-06 14:16:20	Toce	Candoglia	\N
003100900	Q_MED	P	AGOGNA MOMO (NO)	2021-10-06 14:16:20	Agogna	Momo	\N
003106700	Q_MED	P	AGOGNA NOVARA (NO)	2021-10-06 14:16:20	\N	\N	\N
004003900	Q_MED	P	TANARO ALBA (CN)	2021-10-06 14:16:20	Tanaro	Alba	\N
004034900	Q_MED	P	MAIRA BUSCA (CN)	2021-10-06 14:16:20	Maira	Busca	\N
004035700	Q_MED	P	BORMIDA DI MILLESIMO CAMERANA (CN)	2021-10-06 14:16:20	Bormida di Millesimo	Camerana	\N
004035900	Q_MED	P	BORMIDA DI MILLESIMO CAMERANA (CN)	2021-10-06 14:16:20	Bormida di Millesimo	Camerana	\N
004043700	Q_MED	P	PESIO CARRU' (CN)	2021-10-06 14:16:20	Pesio	Carru'	\N
004068901	Q_MED	P	PESIO SAN BARTOLOMEO (CN)	2021-10-06 14:16:20	\N	\N	\N
004079900	Q_MED	P	STURA DI DEMONTE GAIOLA (CN)	2021-10-06 14:16:20	Stura di Demonte	Gaiola	\N
004086900	Q_MED	P	TANARO FARIGLIANO (CN)	2021-10-06 14:16:20	Tanaro	Farigliano	\N
004089901	Q_MED	P	STURA DI DEMONTE FOSSANO (CN)	2021-10-06 14:16:20	Stura di Demonte	Fossano	\N
004130700	Q_MED	P	ELLERO MONDOVI' (CN)	2021-10-06 14:16:20	Ellero	Mondovì	\N
004139700	Q_MED	P	GRANA MONTEROSSO (CN)	2021-10-06 14:16:20	Grana	Monterosso	\N
004155901	Q_MED	P	TANARO PONTE DI NAVA (CN)	2021-10-06 14:16:20	\N	\N	\N
004171700	Q_MED	P	VARAITA POLONGHERA (CN)	2021-10-06 14:16:20	Varaita	Polonghera	\N
004179700	Q_MED	P	MAIRA RACCONIGI (CN)	2021-10-06 14:16:20	Maira	Racconigi	\N
004185900	Q_MED	P	VERMENAGNA ROBILANTE (CN)	2021-10-06 14:16:20	Vermenagna	Robilante	\N
004197900	Q_MED	P	VARAITA ROSSANA (CN)	2021-10-06 14:16:20	Varaita	Rossana	\N
004233901	Q_MED	P	GESSO ANDONNO (CN)	2021-10-06 14:16:20	Gesso	Andonno	\N
005029900	Q_MED	P	BELBO CASTELNUOVO (AT)	2021-10-06 14:16:20	Belbo	Castelnuovo	\N
009048900	Q_MED	P	BORMIDA PIANA CRIXIA (SV)	2021-10-06 14:16:20	Bormida di Spigno	Piana Crixia	\N
018107700	Q_MED	P	SESIA PALESTRO (PV)	2021-10-06 14:16:20	Sesia	Palestro	\N
006105700	Q_MED	P	TANARO MONTECASTELLO (AL)	2021-10-06 14:19:28	Tanaro	Montecastello	\N
005064700	Q_MED	P	BORMIDA DI SPIGNO MOMBALDONE (AT)	2021-10-06 14:23:50	Bormida di Spigno	Mombaldone	\N
006003901	Q_MED	P	BORMIDA ALESSANDRIA (AL)	2021-10-06 14:23:50	\N	\N	\N
006003902	Q_MED	P	TANARO ALESSANDRIA (AL)	2021-10-06 14:23:50	Tanaro	Alessandria	\N
006012700	Q_MED	P	ORBA BASALUZZO (AL)	2021-10-06 14:23:50	Orba	Basaluzzo	\N
006036900	Q_MED	P	ERRO CARTOSIO (AL)	2021-10-06 14:23:50	\N	\N	\N
006037900	Q_MED	P	ORBA CASAL CERMELLI (AL)	2021-10-06 14:23:50	\N	\N	\N
006039901	Q_MED	P	PO CASALE MONFERRATO (AL)	2021-10-06 14:23:50	Po	Casale Monferrato	\N
006043900	Q_MED	P	BORMIDA CASSINE (AL)	2021-10-06 14:23:50	Bormida	Cassine	\N
006087700	Q_MED	P	PO ISOLA S. ANTONIO (AL)	2021-10-06 14:23:50	Po	Isola S. Antonio	\N
006160900	Q_MED	P	SCRIVIA SERRAVALLE (AL)	2021-10-06 14:23:50	Scrivia	Serravalle	\N
006177900	Q_MED	P	PO VALENZA (AL)	2021-10-06 14:23:50	Po	Valenza	\N
\.


--
-- Name: sensori_parametro_fk; Type: CONSTRAINT; Schema: public; Owner: weboll; Tablespace:
--

ALTER TABLE ONLY public.sensori
    ADD CONSTRAINT sensori_parametro_fk UNIQUE (codice, id_parametro);


--
-- Name: sensori_pkey; Type: CONSTRAINT; Schema: public; Owner: weboll; Tablespace:
--

ALTER TABLE ONLY public.sensori
    ADD CONSTRAINT sensori_pkey PRIMARY KEY (codice, id_parametro, id_tipo);


--
-- Name: sensori_tr; Type: TRIGGER; Schema: public; Owner: weboll
--

CREATE TRIGGER sensori_tr BEFORE INSERT OR UPDATE ON public.sensori FOR EACH ROW EXECUTE PROCEDURE public."updateLastUpdate"();


--
-- Name: sensori_fk; Type: FK CONSTRAINT; Schema: public; Owner: weboll
--

ALTER TABLE ONLY public.sensori
    ADD CONSTRAINT sensori_fk FOREIGN KEY (id_tipo) REFERENCES public.tipo(id_tipo);


--
-- Name: sensori_id_parametro_fk; Type: FK CONSTRAINT; Schema: public; Owner: weboll
--

ALTER TABLE ONLY public.sensori
    ADD CONSTRAINT sensori_id_parametro_fk FOREIGN KEY (id_parametro) REFERENCES public.parametro_idro(id_parametro);

--
-- Name: previsioni_idrologiche_nwp; Type: TABLE; Schema: public; Owner: weboll; Tablespace:
--

CREATE TABLE public.previsioni_idrologiche_nwp (
    id_modello character varying(2) NOT NULL,
    id_nwp_model character varying(6) NOT NULL,
    nwp_tof timestamp without time zone NOT NULL,
    codice character varying(9) NOT NULL,
    id_parametro character varying(8) NOT NULL,
    tof timestamp without time zone NOT NULL,
    dataora timestamp without time zone NOT NULL,
    valore numeric(19,2),
    last_update timestamp without time zone NOT NULL
);


ALTER TABLE public.previsioni_idrologiche_nwp OWNER TO weboll;

--
-- Name: TABLE previsioni_idrologiche_nwp; Type: COMMENT; Schema: public; Owner: weboll
--

COMMENT ON TABLE public.previsioni_idrologiche_nwp IS 'Tavola con i valori delle previsioni idrologiche di MC e FEWS degli ultimi giorni';


--
-- Name: previsioni_idrologiche_nwp_pkey; Type: CONSTRAINT; Schema: public; Owner: weboll; Tablespace:
--

ALTER TABLE ONLY public.previsioni_idrologiche_nwp
    ADD CONSTRAINT previsioni_idrologiche_nwp_pkey PRIMARY KEY (id_modello, id_nwp_model, nwp_tof, codice, id_parametro, tof, dataora);


--
-- Name: previsioni_idrologiche_nwp_tr; Type: TRIGGER; Schema: public; Owner: weboll
--

CREATE TRIGGER previsioni_idrologiche_nwp_tr BEFORE INSERT OR UPDATE ON public.previsioni_idrologiche_nwp FOR EACH ROW EXECUTE PROCEDURE public."updateLastUpdate"();


--
-- Name: previsioni_idrologiche_nwp_id_modello_fkey; Type: FK CONSTRAINT; Schema: public; Owner: weboll
--

ALTER TABLE ONLY public.previsioni_idrologiche_nwp
    ADD CONSTRAINT previsioni_idrologiche_nwp_id_modello_fkey FOREIGN KEY (id_modello) REFERENCES public.modello(id_modello);


--
-- Name: previsioni_idrologiche_nwp_id_nwp_model_fkey; Type: FK CONSTRAINT; Schema: public; Owner: weboll
--

ALTER TABLE ONLY public.previsioni_idrologiche_nwp
    ADD CONSTRAINT previsioni_idrologiche_nwp_id_nwp_model_fkey FOREIGN KEY (id_nwp_model) REFERENCES public.nwp_model(id_nwp_model);


--
-- Name: previsioni_idrologiche_nwp_sensori_fk; Type: FK CONSTRAINT; Schema: public; Owner: weboll
--

ALTER TABLE ONLY public.previsioni_idrologiche_nwp
    ADD CONSTRAINT previsioni_idrologiche_nwp_sensori_fk FOREIGN KEY (codice, id_parametro) REFERENCES public.sensori(codice, id_parametro);


--
-- PostgreSQL database dump complete
--
\c
\set command `echo "curl $DATA_LOCATION/previsioni_idrologiche_nwp.copy"`
COPY previsioni_idrologiche_nwp FROM PROGRAM :'command' CSV HEADER;
